machine_id,timestamp,temperature,vibration,pressure
PUMP_A,2026-02-28 08:11:40,62.44,1.183,3.63
PUMP_B,2026-02-28 08:11:40,67.07,1.102,4.53
MOTOR_C,2026-02-28 08:11:40,65.71,1.487,4.33
COMPRESSOR_D,2026-02-28 08:11:40,65.05,1.848,4.52
PUMP_A,2026-02-28 08:11:40,72.96,1.726,4.72
PUMP_B,2026-02-28 08:11:40,65.47,1.635,4.69
MOTOR_C,2026-02-28 08:11:40,63.79,2.033,4.48
COMPRESSOR_D,2026-02-28 08:11:40,64.77,2.17,4.19
PUMP_A,2026-02-28 08:11:42,64.2,1.08,4.61
PUMP_B,2026-02-28 08:11:42,64.79,1.264,4.48
MOTOR_C,2026-02-28 08:11:42,73.47,1.734,4.48
COMPRESSOR_D,2026-02-28 08:11:42,66.0,1.223,4.18
PUMP_A,2026-02-28 08:11:44,65.31,1.778,4.39
PUMP_B,2026-02-28 08:11:44,72.0,2.168,3.6
MOTOR_C,2026-02-28 08:11:44,67.7,2.041,4.58
COMPRESSOR_D,2026-02-28 08:11:44,69.69,1.38,3.64
PUMP_A,2026-02-28 08:11:46,73.32,2.16,3.87
PUMP_B,2026-02-28 08:11:46,68.39,1.224,4.01
MOTOR_C,2026-02-28 08:11:46,67.58,2.187,4.29
COMPRESSOR_D,2026-02-28 08:11:46,70.19,1.51,4.34
PUMP_A,2026-02-28 08:11:48,71.46,1.6,3.96
PUMP_B,2026-02-28 08:11:48,62.49,1.64,4.1
MOTOR_C,2026-02-28 08:11:48,66.83,1.353,4.7
COMPRESSOR_D,2026-02-28 08:11:48,69.78,1.642,3.63
PUMP_A,2026-02-28 08:11:50,71.57,1.905,4.72
PUMP_B,2026-02-28 08:11:50,62.82,1.199,4.7
MOTOR_C,2026-02-28 08:11:50,71.86,1.537,4.01
COMPRESSOR_D,2026-02-28 08:11:50,67.78,2.035,3.65
PUMP_A,2026-02-28 08:11:52,71.24,1.994,4.62
PUMP_B,2026-02-28 08:11:52,73.41,1.823,4.09
MOTOR_C,2026-02-28 08:11:52,65.99,1.147,4.73
COMPRESSOR_D,2026-02-28 08:11:52,63.68,1.764,3.82
PUMP_A,2026-02-28 08:11:54,66.54,2.253,4.62
PUMP_B,2026-02-28 08:11:54,69.19,2.325,3.92
MOTOR_C,2026-02-28 08:11:54,68.73,1.106,3.88
COMPRESSOR_D,2026-02-28 08:11:54,71.91,1.485,4.19
PUMP_A,2026-02-28 08:11:56,72.74,1.982,4.04
PUMP_B,2026-02-28 08:11:56,62.89,1.188,4.41
MOTOR_C,2026-02-28 08:11:56,73.0,2.041,4.12
COMPRESSOR_D,2026-02-28 08:11:56,64.88,1.204,4.04
PUMP_A,2026-02-28 08:11:58,69.41,2.394,3.79
PUMP_B,2026-02-28 08:11:58,72.97,1.273,4.63
MOTOR_C,2026-02-28 08:11:58,70.86,2.194,3.82
COMPRESSOR_D,2026-02-28 08:11:58,62.02,2.341,4.45
PUMP_A,2026-02-28 08:12:00,87.17,3.396,2.51
PUMP_B,2026-02-28 08:12:00,68.53,1.77,4.64
MOTOR_C,2026-02-28 08:12:00,69.5,1.951,3.62
COMPRESSOR_D,2026-02-28 08:12:00,69.21,1.251,4.67
PUMP_A,2026-02-28 08:12:02,93.88,3.372,2.75
PUMP_B,2026-02-28 08:12:02,70.47,1.961,4.61
MOTOR_C,2026-02-28 08:12:02,64.88,1.793,3.61
COMPRESSOR_D,2026-02-28 08:12:02,66.79,1.8,3.82
PUMP_A,2026-02-28 08:12:05,84.85,3.282,2.03
PUMP_B,2026-02-28 08:12:05,69.49,1.845,3.88
MOTOR_C,2026-02-28 08:12:05,70.08,2.255,4.66
COMPRESSOR_D,2026-02-28 08:12:05,68.62,1.799,3.71
PUMP_A,2026-02-28 08:12:07,83.59,4.357,2.99
PUMP_B,2026-02-28 08:12:07,69.95,1.915,4.65
MOTOR_C,2026-02-28 08:12:07,73.21,2.033,4.59
COMPRESSOR_D,2026-02-28 08:12:07,66.05,1.796,3.64
PUMP_A,2026-02-28 08:12:09,92.33,3.26,2.88
PUMP_B,2026-02-28 08:12:09,69.22,1.244,4.24
MOTOR_C,2026-02-28 08:12:09,68.97,2.386,4.16
COMPRESSOR_D,2026-02-28 08:12:09,69.15,1.938,3.71
PUMP_A,2026-02-28 08:12:11,87.14,4.201,2.44
PUMP_B,2026-02-28 08:12:11,65.15,2.011,4.22
MOTOR_C,2026-02-28 08:12:11,72.81,1.673,4.69
COMPRESSOR_D,2026-02-28 08:12:11,63.46,2.057,4.33
PUMP_A,2026-02-28 08:12:11,83.59,4.674,2.91
PUMP_B,2026-02-28 08:12:11,70.64,1.005,4.35
MOTOR_C,2026-02-28 08:12:11,67.98,1.836,3.76
COMPRESSOR_D,2026-02-28 08:12:11,70.69,2.36,4.56
PUMP_A,2026-02-28 08:12:13,84.0,4.197,2.99
PUMP_B,2026-02-28 08:12:13,65.32,1.141,4.56
MOTOR_C,2026-02-28 08:12:13,64.98,1.78,3.61
COMPRESSOR_D,2026-02-28 08:12:13,62.78,1.168,3.9
PUMP_A,2026-02-28 08:12:15,88.19,4.567,2.88
PUMP_B,2026-02-28 08:12:15,66.13,1.771,3.67
MOTOR_C,2026-02-28 08:12:15,69.04,2.013,3.73
COMPRESSOR_D,2026-02-28 08:12:15,71.33,1.815,4.16
PUMP_A,2026-02-28 08:12:17,84.65,4.044,2.54
PUMP_B,2026-02-28 08:12:17,72.57,1.794,4.29
MOTOR_C,2026-02-28 08:12:17,66.55,1.686,4.29
COMPRESSOR_D,2026-02-28 08:12:17,62.98,1.148,3.74
PUMP_A,2026-02-28 08:12:19,89.85,4.546,2.02
PUMP_B,2026-02-28 08:12:19,69.58,1.827,4.37
MOTOR_C,2026-02-28 08:12:19,67.32,1.984,3.67
COMPRESSOR_D,2026-02-28 08:12:19,72.24,1.368,4.56
PUMP_A,2026-02-28 08:12:21,82.72,3.915,2.16
PUMP_B,2026-02-28 08:12:21,64.6,1.376,4.3
MOTOR_C,2026-02-28 08:12:21,72.06,1.337,3.92
COMPRESSOR_D,2026-02-28 08:12:21,69.19,1.07,3.81
PUMP_A,2026-02-28 08:12:23,82.85,4.446,2.93
PUMP_B,2026-02-28 08:12:23,64.32,1.375,3.73
MOTOR_C,2026-02-28 08:12:23,71.44,1.682,4.3
COMPRESSOR_D,2026-02-28 08:12:23,69.4,1.686,4.04
PUMP_A,2026-02-28 08:12:25,82.54,4.685,2.84
PUMP_B,2026-02-28 08:12:25,69.66,1.252,4.07
MOTOR_C,2026-02-28 08:12:25,68.45,1.092,4.8
COMPRESSOR_D,2026-02-28 08:12:25,63.74,2.189,3.72
PUMP_A,2026-02-28 08:12:27,82.96,4.113,2.46
PUMP_B,2026-02-28 08:12:27,69.46,2.079,4.6
MOTOR_C,2026-02-28 08:12:27,67.15,1.794,4.52
COMPRESSOR_D,2026-02-28 08:12:27,65.08,2.131,4.37
PUMP_A,2026-02-28 08:12:29,91.41,4.112,2.01
PUMP_B,2026-02-28 08:12:29,69.03,1.826,4.52
MOTOR_C,2026-02-28 08:12:29,71.19,1.238,4.31
COMPRESSOR_D,2026-02-28 08:12:29,63.67,2.238,4.17
PUMP_A,2026-02-28 08:12:31,82.33,4.623,2.09
PUMP_B,2026-02-28 08:12:31,67.82,2.005,4.79
MOTOR_C,2026-02-28 08:12:31,71.8,1.759,4.05
COMPRESSOR_D,2026-02-28 08:12:31,64.75,2.359,3.67
PUMP_A,2026-02-28 08:12:33,89.88,3.435,2.45
PUMP_B,2026-02-28 08:12:33,62.6,1.933,4.77
MOTOR_C,2026-02-28 08:12:33,70.55,2.227,4.13
COMPRESSOR_D,2026-02-28 08:12:33,67.82,2.309,3.83
PUMP_A,2026-02-28 08:12:35,94.86,3.557,2.19
PUMP_B,2026-02-28 08:12:35,72.22,1.206,4.65
MOTOR_C,2026-02-28 08:12:35,66.4,1.611,4.49
COMPRESSOR_D,2026-02-28 08:12:35,71.64,1.824,4.65
PUMP_A,2026-02-28 08:12:37,85.39,4.538,2.49
PUMP_B,2026-02-28 08:12:37,67.8,1.765,3.65
MOTOR_C,2026-02-28 08:12:37,62.65,1.745,4.5
COMPRESSOR_D,2026-02-28 08:12:37,69.56,2.196,4.52
PUMP_A,2026-02-28 08:12:39,89.58,4.586,2.73
PUMP_B,2026-02-28 08:12:39,63.51,2.291,4.13
MOTOR_C,2026-02-28 08:12:39,71.28,1.282,3.95
COMPRESSOR_D,2026-02-28 08:12:39,62.78,2.061,4.44
PUMP_A,2026-02-28 08:12:41,92.75,3.693,2.72
PUMP_B,2026-02-28 08:12:41,64.03,1.822,3.66
MOTOR_C,2026-02-28 08:12:41,69.05,2.227,4.26
COMPRESSOR_D,2026-02-28 08:12:41,63.02,1.053,4.51
PUMP_A,2026-02-28 08:12:42,85.74,4.239,2.33
PUMP_B,2026-02-28 08:12:42,62.64,2.059,4.25
MOTOR_C,2026-02-28 08:12:42,65.92,1.405,4.78
COMPRESSOR_D,2026-02-28 08:12:42,71.46,2.107,4.32
PUMP_A,2026-02-28 08:12:44,84.63,3.583,2.24
PUMP_B,2026-02-28 08:12:44,70.55,2.278,4.37
MOTOR_C,2026-02-28 08:12:44,69.53,1.059,4.58
COMPRESSOR_D,2026-02-28 08:12:44,64.04,1.731,3.99
PUMP_A,2026-02-28 08:12:46,93.78,4.07,2.18
PUMP_B,2026-02-28 08:12:46,65.99,1.264,4.28
MOTOR_C,2026-02-28 08:12:46,67.86,1.117,3.6
COMPRESSOR_D,2026-02-28 08:12:46,67.99,1.177,3.86
PUMP_A,2026-02-28 08:12:48,86.22,3.828,2.18
PUMP_B,2026-02-28 08:12:48,66.6,1.314,4.16
MOTOR_C,2026-02-28 08:12:48,73.04,2.39,4.64
COMPRESSOR_D,2026-02-28 08:12:48,72.49,1.26,3.77
PUMP_A,2026-02-28 08:12:50,85.94,3.532,2.88
PUMP_B,2026-02-28 08:12:50,73.24,1.408,3.89
MOTOR_C,2026-02-28 08:12:50,63.05,1.024,4.23
COMPRESSOR_D,2026-02-28 08:12:50,67.7,1.745,3.68
PUMP_A,2026-02-28 08:12:52,94.63,3.636,2.77
PUMP_B,2026-02-28 08:12:52,62.88,1.79,4.04
MOTOR_C,2026-02-28 08:12:52,66.91,1.285,4.38
COMPRESSOR_D,2026-02-28 08:12:52,71.04,1.603,4.24
PUMP_A,2026-02-28 08:12:54,88.83,3.882,2.26
PUMP_B,2026-02-28 08:12:54,64.51,2.346,3.95
MOTOR_C,2026-02-28 08:12:54,64.45,1.716,3.85
COMPRESSOR_D,2026-02-28 08:12:54,62.34,1.034,4.31
PUMP_A,2026-02-28 08:12:56,90.98,4.543,2.16
PUMP_B,2026-02-28 08:12:56,66.32,1.838,3.77
MOTOR_C,2026-02-28 08:12:56,64.61,1.054,4.19
COMPRESSOR_D,2026-02-28 08:12:56,65.72,2.374,3.71
PUMP_A,2026-02-28 08:12:58,91.32,4.516,2.9
PUMP_B,2026-02-28 08:12:58,69.33,1.914,3.67
MOTOR_C,2026-02-28 08:12:58,71.22,1.139,4.37
COMPRESSOR_D,2026-02-28 08:12:58,73.89,1.717,3.67
PUMP_A,2026-02-28 08:13:00,86.45,3.898,2.77
PUMP_B,2026-02-28 08:13:00,68.07,1.735,4.66
MOTOR_C,2026-02-28 08:13:00,63.26,1.001,3.72
COMPRESSOR_D,2026-02-28 08:13:00,68.32,2.023,3.62
PUMP_A,2026-02-28 08:13:02,87.36,4.785,2.08
PUMP_B,2026-02-28 08:13:02,70.17,1.295,4.47
MOTOR_C,2026-02-28 08:13:02,62.54,1.936,3.65
COMPRESSOR_D,2026-02-28 08:13:02,73.16,1.548,3.68
PUMP_A,2026-02-28 08:13:04,94.7,4.25,2.58
PUMP_B,2026-02-28 08:13:04,73.11,1.05,4.56
MOTOR_C,2026-02-28 08:13:04,70.68,2.139,4.67
COMPRESSOR_D,2026-02-28 08:13:04,67.4,1.549,3.8
PUMP_A,2026-02-28 08:13:06,90.56,3.392,2.8
PUMP_B,2026-02-28 08:13:06,63.07,1.812,4.32
MOTOR_C,2026-02-28 08:13:06,71.41,1.642,4.65
COMPRESSOR_D,2026-02-28 08:13:06,63.07,2.127,3.93
PUMP_A,2026-02-28 08:13:08,89.53,4.553,2.97
PUMP_B,2026-02-28 08:13:08,64.67,1.779,4.63
MOTOR_C,2026-02-28 08:13:08,63.52,1.34,3.9
COMPRESSOR_D,2026-02-28 08:13:08,68.73,1.723,3.66
PUMP_A,2026-02-28 08:13:10,85.93,4.265,2.41
PUMP_B,2026-02-28 08:13:10,70.35,1.888,4.5
MOTOR_C,2026-02-28 08:13:10,70.95,1.71,3.77
COMPRESSOR_D,2026-02-28 08:13:10,65.62,2.255,3.92
PUMP_A,2026-02-28 08:13:12,94.75,3.901,2.3
PUMP_B,2026-02-28 08:13:12,63.2,1.196,3.68
MOTOR_C,2026-02-28 08:13:12,66.51,1.716,4.61
COMPRESSOR_D,2026-02-28 08:13:12,72.18,2.091,3.79
PUMP_A,2026-02-28 08:13:13,93.72,3.916,2.5
PUMP_B,2026-02-28 08:13:13,72.35,1.873,4.71
MOTOR_C,2026-02-28 08:13:13,70.08,1.148,3.86
COMPRESSOR_D,2026-02-28 08:13:13,63.71,1.655,4.22
PUMP_A,2026-02-28 08:13:15,87.39,3.997,2.27
PUMP_B,2026-02-28 08:13:15,63.48,1.66,3.69
MOTOR_C,2026-02-28 08:13:15,68.03,2.373,4.51
COMPRESSOR_D,2026-02-28 08:13:15,71.47,1.175,4.06
PUMP_A,2026-02-28 08:13:17,89.14,3.961,2.87
PUMP_B,2026-02-28 08:13:17,69.21,1.023,4.34
MOTOR_C,2026-02-28 08:13:17,65.88,1.81,3.81
COMPRESSOR_D,2026-02-28 08:13:17,69.55,2.345,4.42
PUMP_A,2026-02-28 08:13:19,92.26,3.949,2.78
PUMP_B,2026-02-28 08:13:19,65.28,2.232,4.56
MOTOR_C,2026-02-28 08:13:19,72.45,1.019,4.79
COMPRESSOR_D,2026-02-28 08:13:19,70.11,1.071,4.39
PUMP_A,2026-02-28 08:13:21,85.12,4.427,2.75
PUMP_B,2026-02-28 08:13:21,68.67,1.156,3.64
MOTOR_C,2026-02-28 08:13:21,66.12,2.118,3.88
COMPRESSOR_D,2026-02-28 08:13:21,69.7,1.348,4.31
PUMP_A,2026-02-28 08:13:23,84.55,4.258,2.17
PUMP_B,2026-02-28 08:13:23,72.72,1.583,4.05
MOTOR_C,2026-02-28 08:13:23,70.21,2.31,3.93
COMPRESSOR_D,2026-02-28 08:13:23,70.92,1.939,3.75
PUMP_A,2026-02-28 08:13:25,87.63,4.788,2.31
PUMP_B,2026-02-28 08:13:25,67.22,1.186,3.94
MOTOR_C,2026-02-28 08:13:25,72.06,2.05,4.14
COMPRESSOR_D,2026-02-28 08:13:25,72.02,1.787,4.21
PUMP_A,2026-02-28 08:13:27,92.39,3.778,2.94
PUMP_B,2026-02-28 08:13:27,68.68,1.266,4.2
MOTOR_C,2026-02-28 08:13:27,72.84,1.652,4.34
COMPRESSOR_D,2026-02-28 08:13:27,69.69,2.235,3.88
PUMP_A,2026-02-28 08:13:29,82.75,3.524,2.47
PUMP_B,2026-02-28 08:13:29,67.14,1.047,4.74
MOTOR_C,2026-02-28 08:13:29,62.89,1.121,3.6
COMPRESSOR_D,2026-02-28 08:13:29,70.77,1.331,4.48
PUMP_A,2026-02-28 08:13:31,83.55,4.326,2.25
PUMP_B,2026-02-28 08:13:31,63.68,1.711,4.31
MOTOR_C,2026-02-28 08:13:31,70.3,1.1,3.88
COMPRESSOR_D,2026-02-28 08:13:31,71.46,2.036,4.2
PUMP_A,2026-02-28 08:13:33,88.45,4.022,2.83
PUMP_B,2026-02-28 08:13:33,69.47,1.416,3.67
MOTOR_C,2026-02-28 08:13:33,71.92,1.105,4.41
COMPRESSOR_D,2026-02-28 08:13:33,70.57,2.091,4.74
PUMP_A,2026-02-28 08:13:35,83.58,4.129,2.53
PUMP_B,2026-02-28 08:13:35,67.57,1.075,3.7
MOTOR_C,2026-02-28 08:13:35,63.63,1.899,4.0
COMPRESSOR_D,2026-02-28 08:13:35,71.73,1.139,4.38
PUMP_A,2026-02-28 08:13:37,94.53,3.367,2.93
PUMP_B,2026-02-28 08:13:37,64.34,1.465,4.22
MOTOR_C,2026-02-28 08:13:37,67.42,1.096,4.65
COMPRESSOR_D,2026-02-28 08:13:37,62.43,1.259,3.95
PUMP_A,2026-02-28 08:13:39,89.64,4.433,2.7
PUMP_B,2026-02-28 08:13:39,68.17,1.628,4.55
MOTOR_C,2026-02-28 08:13:39,63.48,1.699,4.57
COMPRESSOR_D,2026-02-28 08:13:39,68.64,2.371,4.39
PUMP_A,2026-02-28 08:13:41,82.67,3.837,2.71
PUMP_B,2026-02-28 08:13:41,72.33,1.146,4.44
MOTOR_C,2026-02-28 08:13:41,71.54,2.206,4.47
COMPRESSOR_D,2026-02-28 08:13:41,64.89,1.78,3.64
PUMP_A,2026-02-28 08:13:43,93.82,4.201,2.93
PUMP_B,2026-02-28 08:13:43,63.93,1.266,3.91
MOTOR_C,2026-02-28 08:13:43,64.57,1.01,4.64
COMPRESSOR_D,2026-02-28 08:13:43,73.52,1.384,3.77
PUMP_A,2026-02-28 08:13:43,83.17,4.551,2.34
PUMP_B,2026-02-28 08:13:43,66.67,1.493,4.23
MOTOR_C,2026-02-28 08:13:43,71.61,1.75,4.22
COMPRESSOR_D,2026-02-28 08:13:43,63.84,2.004,4.59
PUMP_A,2026-02-28 08:13:45,86.74,4.54,2.59
PUMP_B,2026-02-28 08:13:45,68.2,2.025,4.39
MOTOR_C,2026-02-28 08:13:45,65.53,1.774,4.56
COMPRESSOR_D,2026-02-28 08:13:45,65.76,1.8,3.78
PUMP_A,2026-02-28 08:13:47,88.52,3.287,2.46
PUMP_B,2026-02-28 08:13:47,62.75,1.859,4.69
MOTOR_C,2026-02-28 08:13:47,70.26,1.602,4.01
COMPRESSOR_D,2026-02-28 08:13:47,62.54,1.019,3.96
PUMP_A,2026-02-28 08:13:49,87.23,4.034,2.66
PUMP_B,2026-02-28 08:13:49,72.56,1.692,4.23
MOTOR_C,2026-02-28 08:13:49,73.46,2.333,3.84
COMPRESSOR_D,2026-02-28 08:13:49,70.57,2.181,4.55
PUMP_A,2026-02-28 08:13:51,87.66,4.716,2.48
PUMP_B,2026-02-28 08:13:51,66.95,2.253,4.09
MOTOR_C,2026-02-28 08:13:51,71.99,2.386,4.39
COMPRESSOR_D,2026-02-28 08:13:51,71.25,1.226,4.54
PUMP_A,2026-02-28 08:13:53,94.93,3.603,2.0
PUMP_B,2026-02-28 08:13:53,73.53,1.525,4.49
MOTOR_C,2026-02-28 08:13:53,72.91,1.559,4.31
COMPRESSOR_D,2026-02-28 08:13:53,71.48,2.206,4.26
PUMP_A,2026-02-28 08:13:55,94.59,3.796,2.19
PUMP_B,2026-02-28 08:13:55,66.11,1.577,4.6
MOTOR_C,2026-02-28 08:13:55,67.54,1.351,4.4
COMPRESSOR_D,2026-02-28 08:13:55,70.34,1.053,4.36
PUMP_A,2026-02-28 08:13:57,85.9,4.689,2.13
PUMP_B,2026-02-28 08:13:57,67.79,1.502,3.62
MOTOR_C,2026-02-28 08:13:57,62.18,1.162,4.64
COMPRESSOR_D,2026-02-28 08:13:57,64.75,1.607,4.09
PUMP_A,2026-02-28 08:13:59,84.16,4.096,2.28
PUMP_B,2026-02-28 08:13:59,63.45,2.161,4.45
MOTOR_C,2026-02-28 08:13:59,62.38,1.428,3.82
COMPRESSOR_D,2026-02-28 08:13:59,64.34,2.359,3.61
PUMP_A,2026-02-28 08:14:01,92.46,4.307,2.09
PUMP_B,2026-02-28 08:14:01,63.84,1.431,4.62
MOTOR_C,2026-02-28 08:14:01,62.09,1.541,3.85
COMPRESSOR_D,2026-02-28 08:14:01,68.17,1.209,4.01
PUMP_A,2026-02-28 08:14:03,88.63,4.39,2.91
PUMP_B,2026-02-28 08:14:03,62.55,2.042,4.16
MOTOR_C,2026-02-28 08:14:03,66.61,1.298,4.01
COMPRESSOR_D,2026-02-28 08:14:03,71.73,1.692,4.05
PUMP_A,2026-02-28 08:14:05,92.62,3.758,2.39
PUMP_B,2026-02-28 08:14:05,63.5,1.912,4.2
MOTOR_C,2026-02-28 08:14:05,69.42,1.232,3.71
COMPRESSOR_D,2026-02-28 08:14:05,67.78,1.246,4.32
PUMP_A,2026-02-28 08:14:07,93.9,4.498,2.78
PUMP_B,2026-02-28 08:14:07,70.8,2.304,4.29
MOTOR_C,2026-02-28 08:14:07,69.76,2.238,4.68
COMPRESSOR_D,2026-02-28 08:14:07,71.33,1.38,3.99
PUMP_A,2026-02-28 08:14:09,87.74,3.942,2.29
PUMP_B,2026-02-28 08:14:09,70.22,2.248,4.38
MOTOR_C,2026-02-28 08:14:09,73.52,1.084,4.34
COMPRESSOR_D,2026-02-28 08:14:09,68.07,2.179,4.13
PUMP_A,2026-02-28 08:14:11,82.16,4.45,2.55
PUMP_B,2026-02-28 08:14:11,63.77,1.803,4.48
MOTOR_C,2026-02-28 08:14:11,69.14,1.03,4.59
COMPRESSOR_D,2026-02-28 08:14:11,72.42,1.646,3.9
PUMP_A,2026-02-28 08:14:13,85.95,4.274,2.92
PUMP_B,2026-02-28 08:14:13,71.24,1.645,4.1
MOTOR_C,2026-02-28 08:14:13,69.4,2.099,4.25
COMPRESSOR_D,2026-02-28 08:14:13,64.75,1.546,3.65
PUMP_A,2026-02-28 08:14:15,85.71,3.728,2.9
PUMP_B,2026-02-28 08:14:15,68.5,2.1,4.76
MOTOR_C,2026-02-28 08:14:15,73.18,2.369,4.46
COMPRESSOR_D,2026-02-28 08:14:15,72.83,1.796,4.04
PUMP_A,2026-02-28 08:14:16,86.86,4.475,2.92
PUMP_B,2026-02-28 08:14:16,67.15,1.76,4.3
MOTOR_C,2026-02-28 08:14:16,69.67,2.334,4.01
COMPRESSOR_D,2026-02-28 08:14:16,71.16,1.007,3.9
PUMP_A,2026-02-28 08:14:18,89.88,4.546,2.39
PUMP_B,2026-02-28 08:14:18,73.14,1.116,3.75
MOTOR_C,2026-02-28 08:14:18,64.45,1.164,4.69
COMPRESSOR_D,2026-02-28 08:14:18,62.71,2.304,4.06
PUMP_A,2026-02-28 08:14:20,87.4,3.48,2.08
PUMP_B,2026-02-28 08:14:20,64.65,1.042,4.67
MOTOR_C,2026-02-28 08:14:20,70.36,2.257,3.95
COMPRESSOR_D,2026-02-28 08:14:20,66.6,1.245,4.56
PUMP_A,2026-02-28 08:14:22,83.8,4.092,2.23
PUMP_B,2026-02-28 08:14:22,65.55,2.25,3.77
MOTOR_C,2026-02-28 08:14:22,64.98,2.341,4.64
COMPRESSOR_D,2026-02-28 08:14:22,68.88,1.686,3.76
PUMP_A,2026-02-28 08:14:24,85.23,4.206,2.23
PUMP_B,2026-02-28 08:14:24,73.91,1.3,4.37
MOTOR_C,2026-02-28 08:14:24,70.69,1.44,3.69
COMPRESSOR_D,2026-02-28 08:14:24,72.88,1.739,3.69
PUMP_A,2026-02-28 08:14:26,85.28,3.523,2.51
PUMP_B,2026-02-28 08:14:26,69.48,1.926,4.75
MOTOR_C,2026-02-28 08:14:26,64.22,1.787,4.65
COMPRESSOR_D,2026-02-28 08:14:26,63.12,1.223,4.19
PUMP_A,2026-02-28 08:14:28,86.79,4.524,2.09
PUMP_B,2026-02-28 08:14:28,73.04,2.362,3.75
MOTOR_C,2026-02-28 08:14:28,73.48,2.311,4.71
COMPRESSOR_D,2026-02-28 08:14:28,66.0,1.92,4.51
PUMP_A,2026-02-28 08:14:30,94.77,3.346,2.55
PUMP_B,2026-02-28 08:14:30,72.09,1.399,4.55
MOTOR_C,2026-02-28 08:14:30,71.08,2.052,4.4
COMPRESSOR_D,2026-02-28 08:14:30,65.26,2.328,4.41
PUMP_A,2026-02-28 08:14:32,86.77,4.076,2.72
PUMP_B,2026-02-28 08:14:32,65.13,1.568,4.07
MOTOR_C,2026-02-28 08:14:32,73.01,1.485,4.48
COMPRESSOR_D,2026-02-28 08:14:32,64.37,1.283,4.02
PUMP_A,2026-02-28 08:14:34,90.35,3.889,2.18
PUMP_B,2026-02-28 08:14:34,64.54,1.557,3.9
MOTOR_C,2026-02-28 08:14:34,69.37,2.03,3.83
COMPRESSOR_D,2026-02-28 08:14:34,66.97,1.916,4.5
PUMP_A,2026-02-28 08:14:36,89.85,3.902,2.79
PUMP_B,2026-02-28 08:14:36,62.94,1.846,4.41
MOTOR_C,2026-02-28 08:14:36,72.06,2.062,4.77
COMPRESSOR_D,2026-02-28 08:14:36,62.43,1.75,3.89
PUMP_A,2026-02-28 08:14:38,82.15,4.445,2.74
PUMP_B,2026-02-28 08:14:38,73.92,1.898,4.37
MOTOR_C,2026-02-28 08:14:38,68.26,1.261,4.27
COMPRESSOR_D,2026-02-28 08:14:38,73.09,1.067,4.76
PUMP_A,2026-02-28 08:14:40,88.75,4.342,2.61
PUMP_B,2026-02-28 08:14:40,71.84,1.358,4.37
MOTOR_C,2026-02-28 08:14:40,72.0,2.322,4.66
COMPRESSOR_D,2026-02-28 08:14:40,65.5,1.301,4.78
PUMP_A,2026-02-28 08:14:42,93.05,3.663,2.98
PUMP_B,2026-02-28 08:14:42,62.68,1.329,3.97
MOTOR_C,2026-02-28 08:14:42,66.65,1.452,4.14
COMPRESSOR_D,2026-02-28 08:14:42,62.94,2.376,4.37
PUMP_A,2026-02-28 08:14:44,86.03,3.65,2.92
PUMP_B,2026-02-28 08:14:44,62.59,2.141,3.84
MOTOR_C,2026-02-28 08:14:44,69.74,1.567,4.6
COMPRESSOR_D,2026-02-28 08:14:44,65.01,2.302,4.05
PUMP_A,2026-02-28 08:14:46,88.08,4.738,2.8
PUMP_B,2026-02-28 08:14:46,73.34,1.273,3.65
MOTOR_C,2026-02-28 08:14:46,62.56,2.286,3.68
COMPRESSOR_D,2026-02-28 08:14:46,62.89,1.834,4.64
PUMP_A,2026-02-28 08:14:47,84.91,3.607,2.1
PUMP_B,2026-02-28 08:14:47,62.52,2.124,4.02
MOTOR_C,2026-02-28 08:14:47,62.81,1.738,3.93
COMPRESSOR_D,2026-02-28 08:14:47,65.94,1.983,4.79
PUMP_A,2026-02-28 08:14:49,87.17,4.121,2.68
PUMP_B,2026-02-28 08:14:49,70.26,1.893,3.7
MOTOR_C,2026-02-28 08:14:49,63.94,2.015,4.51
COMPRESSOR_D,2026-02-28 08:14:49,66.74,1.899,4.22
PUMP_A,2026-02-28 08:14:51,86.75,3.479,2.49
PUMP_B,2026-02-28 08:14:51,68.53,2.196,4.33
MOTOR_C,2026-02-28 08:14:51,66.62,1.927,4.66
COMPRESSOR_D,2026-02-28 08:14:51,68.26,2.147,4.38
PUMP_A,2026-02-28 08:14:53,87.22,3.733,2.42
PUMP_B,2026-02-28 08:14:53,73.88,2.198,3.86
MOTOR_C,2026-02-28 08:14:53,69.61,1.735,3.81
COMPRESSOR_D,2026-02-28 08:14:53,62.48,1.772,4.4
PUMP_A,2026-02-28 08:14:55,94.24,3.711,2.77
PUMP_B,2026-02-28 08:14:55,66.09,1.005,3.65
MOTOR_C,2026-02-28 08:14:55,64.99,1.87,4.04
COMPRESSOR_D,2026-02-28 08:14:55,66.55,1.648,4.38
PUMP_A,2026-02-28 08:14:57,94.68,3.944,2.65
PUMP_B,2026-02-28 08:14:57,69.5,1.09,4.29
MOTOR_C,2026-02-28 08:14:57,68.85,1.482,4.57
COMPRESSOR_D,2026-02-28 08:14:57,64.83,1.769,3.88
PUMP_A,2026-02-28 08:14:59,86.72,4.157,2.38
PUMP_B,2026-02-28 08:14:59,62.91,1.578,4.72
MOTOR_C,2026-02-28 08:14:59,68.03,1.73,4.07
COMPRESSOR_D,2026-02-28 08:14:59,62.41,1.019,3.68
PUMP_A,2026-02-28 08:15:01,94.42,4.044,2.91
PUMP_B,2026-02-28 08:15:01,71.01,1.18,3.97
MOTOR_C,2026-02-28 08:15:01,63.67,1.402,3.63
COMPRESSOR_D,2026-02-28 08:15:01,70.07,1.431,3.63
PUMP_A,2026-02-28 08:15:03,91.57,4.166,2.61
PUMP_B,2026-02-28 08:15:03,62.91,1.428,4.12
MOTOR_C,2026-02-28 08:15:03,65.3,1.781,3.73
COMPRESSOR_D,2026-02-28 08:15:03,69.14,1.644,4.45
PUMP_A,2026-02-28 08:15:05,91.05,3.695,2.48
PUMP_B,2026-02-28 08:15:05,66.91,1.493,4.72
MOTOR_C,2026-02-28 08:15:05,71.78,1.908,4.63
COMPRESSOR_D,2026-02-28 08:15:05,63.27,1.037,3.78
PUMP_A,2026-02-28 08:15:07,88.27,3.263,2.43
PUMP_B,2026-02-28 08:15:07,63.46,1.52,3.67
MOTOR_C,2026-02-28 08:15:07,63.56,1.382,4.56
COMPRESSOR_D,2026-02-28 08:15:07,73.01,1.281,4.22
PUMP_A,2026-02-28 08:15:09,83.85,4.713,2.51
PUMP_B,2026-02-28 08:15:09,63.89,2.108,3.92
MOTOR_C,2026-02-28 08:15:09,69.69,2.117,3.73
COMPRESSOR_D,2026-02-28 08:15:09,69.0,1.776,4.61
PUMP_A,2026-02-28 08:15:11,91.25,3.633,2.22
PUMP_B,2026-02-28 08:15:11,68.85,2.246,4.1
MOTOR_C,2026-02-28 08:15:11,71.82,1.707,4.49
COMPRESSOR_D,2026-02-28 08:15:11,62.93,1.772,4.06
PUMP_A,2026-02-28 08:15:13,87.28,4.027,2.26
PUMP_B,2026-02-28 08:15:13,65.55,1.617,3.86
MOTOR_C,2026-02-28 08:15:13,66.1,1.625,4.34
COMPRESSOR_D,2026-02-28 08:15:13,65.74,1.217,3.67
PUMP_A,2026-02-28 08:15:15,94.97,3.998,2.04
PUMP_B,2026-02-28 08:15:15,62.55,2.047,3.93
MOTOR_C,2026-02-28 08:15:15,65.15,1.601,3.76
COMPRESSOR_D,2026-02-28 08:15:15,66.14,1.218,4.07
PUMP_A,2026-02-28 08:15:17,82.6,4.605,2.6
PUMP_B,2026-02-28 08:15:17,72.17,1.216,3.63
MOTOR_C,2026-02-28 08:15:17,69.13,1.565,3.74
COMPRESSOR_D,2026-02-28 08:15:17,69.67,1.709,4.41
PUMP_A,2026-02-28 08:15:17,85.17,4.393,2.16
PUMP_B,2026-02-28 08:15:17,71.53,1.967,4.44
MOTOR_C,2026-02-28 08:15:17,64.43,1.224,4.72
COMPRESSOR_D,2026-02-28 08:15:17,73.05,1.033,3.96
PUMP_A,2026-02-28 08:15:19,90.17,4.558,2.31
PUMP_B,2026-02-28 08:15:19,68.47,1.336,4.7
MOTOR_C,2026-02-28 08:15:19,71.58,1.858,4.21
COMPRESSOR_D,2026-02-28 08:15:19,65.99,1.797,4.33
PUMP_A,2026-02-28 08:15:21,94.71,3.994,2.63
PUMP_B,2026-02-28 08:15:21,67.52,1.361,3.7
MOTOR_C,2026-02-28 08:15:21,64.3,2.013,3.91
COMPRESSOR_D,2026-02-28 08:15:21,67.96,1.967,4.21
PUMP_A,2026-02-28 08:15:23,89.16,4.631,2.49
PUMP_B,2026-02-28 08:15:23,67.48,1.663,4.75
MOTOR_C,2026-02-28 08:15:23,72.46,1.506,4.06
COMPRESSOR_D,2026-02-28 08:15:23,63.77,1.992,4.19
PUMP_A,2026-02-28 08:15:25,84.99,3.839,2.3
PUMP_B,2026-02-28 08:15:25,68.56,2.26,4.28
MOTOR_C,2026-02-28 08:15:25,71.87,2.363,4.72
COMPRESSOR_D,2026-02-28 08:15:25,62.56,2.245,3.93
PUMP_A,2026-02-28 08:15:27,85.85,4.325,2.72
PUMP_B,2026-02-28 08:15:27,68.44,1.769,3.75
MOTOR_C,2026-02-28 08:15:27,72.68,2.068,3.89
COMPRESSOR_D,2026-02-28 08:15:27,72.78,1.064,3.8
PUMP_A,2026-02-28 08:15:29,82.82,3.414,2.58
PUMP_B,2026-02-28 08:15:29,72.08,2.185,4.64
MOTOR_C,2026-02-28 08:15:29,63.31,1.959,3.68
COMPRESSOR_D,2026-02-28 08:15:29,71.21,1.03,4.31
PUMP_A,2026-02-28 08:15:31,88.63,4.448,2.24
PUMP_B,2026-02-28 08:15:31,70.7,1.748,3.77
MOTOR_C,2026-02-28 08:15:31,63.91,1.982,4.41
COMPRESSOR_D,2026-02-28 08:15:31,65.59,1.871,4.59
PUMP_A,2026-02-28 08:15:33,82.14,4.091,2.14
PUMP_B,2026-02-28 08:15:33,70.47,1.289,3.88
MOTOR_C,2026-02-28 08:15:33,64.34,1.471,3.75
COMPRESSOR_D,2026-02-28 08:15:33,64.37,1.19,3.93
PUMP_A,2026-02-28 08:15:35,91.3,4.486,2.57
PUMP_B,2026-02-28 08:15:35,71.33,1.027,3.6
MOTOR_C,2026-02-28 08:15:35,72.79,1.886,3.9
COMPRESSOR_D,2026-02-28 08:15:35,69.14,1.597,4.62
PUMP_A,2026-02-28 08:15:38,84.03,4.262,2.36
PUMP_B,2026-02-28 08:15:38,63.78,2.023,4.72
MOTOR_C,2026-02-28 08:15:38,73.47,1.163,4.09
COMPRESSOR_D,2026-02-28 08:15:38,64.12,2.19,4.57
PUMP_A,2026-02-28 08:15:40,92.93,4.035,2.97
PUMP_B,2026-02-28 08:15:40,71.28,1.598,3.66
MOTOR_C,2026-02-28 08:15:40,70.95,1.45,4.34
COMPRESSOR_D,2026-02-28 08:15:40,68.21,1.546,4.71
PUMP_A,2026-02-28 08:15:42,82.48,3.557,2.25
PUMP_B,2026-02-28 08:15:42,72.8,2.33,4.55
MOTOR_C,2026-02-28 08:15:42,70.87,1.446,4.65
COMPRESSOR_D,2026-02-28 08:15:42,65.03,1.891,4.58
PUMP_A,2026-02-28 08:15:44,90.32,4.453,2.24
PUMP_B,2026-02-28 08:15:44,67.26,2.086,4.79
MOTOR_C,2026-02-28 08:15:44,62.38,2.295,3.87
COMPRESSOR_D,2026-02-28 08:15:44,65.55,1.052,3.79
PUMP_A,2026-02-28 08:15:46,90.36,3.986,2.75
PUMP_B,2026-02-28 08:15:46,70.75,1.756,4.04
MOTOR_C,2026-02-28 08:15:46,70.19,1.145,4.63
COMPRESSOR_D,2026-02-28 08:15:46,71.3,1.574,3.82
PUMP_A,2026-02-28 08:15:48,87.53,3.668,2.53
PUMP_B,2026-02-28 08:15:48,64.45,1.479,3.85
MOTOR_C,2026-02-28 08:15:48,72.92,1.986,4.4
COMPRESSOR_D,2026-02-28 08:15:48,72.43,2.213,3.78
PUMP_A,2026-02-28 08:15:48,85.47,4.06,2.39
PUMP_B,2026-02-28 08:15:48,68.68,1.598,4.28
MOTOR_C,2026-02-28 08:15:48,71.5,2.097,4.34
COMPRESSOR_D,2026-02-28 08:15:48,71.84,2.109,4.19
PUMP_A,2026-02-28 08:15:50,83.96,3.246,2.5
PUMP_B,2026-02-28 08:15:50,73.01,1.437,4.62
MOTOR_C,2026-02-28 08:15:50,70.84,2.368,4.52
COMPRESSOR_D,2026-02-28 08:15:50,63.71,1.962,4.52
PUMP_A,2026-02-28 08:15:52,86.32,4.4,2.02
PUMP_B,2026-02-28 08:15:52,66.3,1.31,4.25
MOTOR_C,2026-02-28 08:15:52,64.44,1.261,4.66
COMPRESSOR_D,2026-02-28 08:15:52,72.02,2.044,4.01
PUMP_A,2026-02-28 08:15:54,90.18,3.693,2.33
PUMP_B,2026-02-28 08:15:54,62.31,2.328,4.71
MOTOR_C,2026-02-28 08:15:54,63.14,1.712,4.27
COMPRESSOR_D,2026-02-28 08:15:54,68.19,1.669,4.65
PUMP_A,2026-02-28 08:15:56,82.45,4.481,2.24
PUMP_B,2026-02-28 08:15:56,72.41,1.204,3.71
MOTOR_C,2026-02-28 08:15:56,66.73,1.249,4.36
COMPRESSOR_D,2026-02-28 08:15:56,70.48,2.216,4.62
PUMP_A,2026-02-28 08:15:58,94.15,3.474,2.56
PUMP_B,2026-02-28 08:15:58,72.05,1.715,4.06
MOTOR_C,2026-02-28 08:15:58,66.24,1.891,3.61
COMPRESSOR_D,2026-02-28 08:15:58,64.38,1.943,4.05
PUMP_A,2026-02-28 08:16:00,86.67,3.805,2.07
PUMP_B,2026-02-28 08:16:00,65.36,2.372,3.94
MOTOR_C,2026-02-28 08:16:00,65.51,1.447,3.62
COMPRESSOR_D,2026-02-28 08:16:00,71.98,1.632,4.08
PUMP_A,2026-02-28 08:16:02,94.26,4.06,2.55
PUMP_B,2026-02-28 08:16:02,70.56,1.832,4.49
MOTOR_C,2026-02-28 08:16:02,65.59,1.879,4.27
COMPRESSOR_D,2026-02-28 08:16:02,65.77,1.212,4.28
PUMP_A,2026-02-28 08:16:04,92.49,3.29,2.07
PUMP_B,2026-02-28 08:16:04,69.25,1.473,4.78
MOTOR_C,2026-02-28 08:16:04,64.09,1.581,3.68
COMPRESSOR_D,2026-02-28 08:16:04,66.04,2.204,3.93
PUMP_A,2026-02-28 08:16:06,94.56,4.415,2.59
PUMP_B,2026-02-28 08:16:06,71.23,1.521,4.67
MOTOR_C,2026-02-28 08:16:06,70.5,1.877,3.87
COMPRESSOR_D,2026-02-28 08:16:06,67.51,1.177,3.93
PUMP_A,2026-02-28 08:16:08,87.14,4.633,2.32
PUMP_B,2026-02-28 08:16:08,64.72,2.121,4.3
MOTOR_C,2026-02-28 08:16:08,66.21,1.792,4.76
COMPRESSOR_D,2026-02-28 08:16:08,68.15,1.81,4.36
PUMP_A,2026-02-28 08:16:10,91.05,3.529,2.83
PUMP_B,2026-02-28 08:16:10,70.71,1.982,4.54
MOTOR_C,2026-02-28 08:16:10,62.87,1.151,4.37
COMPRESSOR_D,2026-02-28 08:16:10,65.29,1.603,4.48
PUMP_A,2026-02-28 08:16:12,90.63,4.58,2.12
PUMP_B,2026-02-28 08:16:12,71.56,1.721,4.44
MOTOR_C,2026-02-28 08:16:12,70.52,1.043,3.63
COMPRESSOR_D,2026-02-28 08:16:12,68.78,1.379,4.24
PUMP_A,2026-02-28 08:16:14,92.4,3.21,2.54
PUMP_B,2026-02-28 08:16:14,70.94,1.913,4.34
MOTOR_C,2026-02-28 08:16:14,64.41,1.047,4.41
COMPRESSOR_D,2026-02-28 08:16:14,67.86,1.384,4.65
PUMP_A,2026-02-28 08:16:16,91.91,4.182,2.32
PUMP_B,2026-02-28 08:16:16,71.49,1.859,4.14
MOTOR_C,2026-02-28 08:16:16,71.8,1.817,3.63
COMPRESSOR_D,2026-02-28 08:16:16,66.22,2.29,4.6
PUMP_A,2026-02-28 08:16:18,90.55,3.992,2.35
PUMP_B,2026-02-28 08:16:18,62.41,1.438,3.86
MOTOR_C,2026-02-28 08:16:18,73.43,2.318,3.9
COMPRESSOR_D,2026-02-28 08:16:18,69.75,1.767,4.68
PUMP_A,2026-02-28 08:16:19,83.54,3.579,2.07
PUMP_B,2026-02-28 08:16:19,63.0,1.16,3.77
MOTOR_C,2026-02-28 08:16:19,65.99,1.526,4.19
COMPRESSOR_D,2026-02-28 08:16:19,73.87,1.731,4.42
PUMP_A,2026-02-28 08:16:21,82.87,3.993,2.73
PUMP_B,2026-02-28 08:16:21,70.02,1.378,4.56
MOTOR_C,2026-02-28 08:16:21,72.89,2.312,4.04
COMPRESSOR_D,2026-02-28 08:16:21,68.37,2.399,4.35
PUMP_A,2026-02-28 08:16:23,84.98,3.913,2.03
PUMP_B,2026-02-28 08:16:23,63.26,1.163,4.61
MOTOR_C,2026-02-28 08:16:23,70.59,1.419,4.23
COMPRESSOR_D,2026-02-28 08:16:23,72.35,1.632,4.6
PUMP_A,2026-02-28 08:16:25,93.81,3.449,2.76
PUMP_B,2026-02-28 08:16:25,64.3,1.456,4.16
MOTOR_C,2026-02-28 08:16:25,63.11,1.239,4.47
COMPRESSOR_D,2026-02-28 08:16:25,66.83,1.253,4.79
PUMP_A,2026-02-28 08:16:27,82.25,3.577,2.09
PUMP_B,2026-02-28 08:16:27,68.05,1.088,3.93
MOTOR_C,2026-02-28 08:16:27,65.24,1.015,4.04
COMPRESSOR_D,2026-02-28 08:16:27,67.25,1.619,4.79
PUMP_A,2026-02-28 08:16:29,92.16,3.786,2.55
PUMP_B,2026-02-28 08:16:29,67.62,2.145,4.65
MOTOR_C,2026-02-28 08:16:29,67.07,1.801,3.69
COMPRESSOR_D,2026-02-28 08:16:29,67.6,2.195,4.21
PUMP_A,2026-02-28 08:16:31,90.6,3.213,2.55
PUMP_B,2026-02-28 08:16:31,66.86,1.703,4.47
MOTOR_C,2026-02-28 08:16:31,65.83,1.894,4.56
COMPRESSOR_D,2026-02-28 08:16:31,68.93,1.191,4.15
PUMP_A,2026-02-28 08:16:33,87.84,3.885,2.53
PUMP_B,2026-02-28 08:16:33,63.37,1.612,3.92
MOTOR_C,2026-02-28 08:16:33,70.77,1.654,3.88
COMPRESSOR_D,2026-02-28 08:16:33,73.87,2.173,4.79
PUMP_A,2026-02-28 08:16:35,88.53,3.827,2.12
PUMP_B,2026-02-28 08:16:35,66.98,1.643,3.6
MOTOR_C,2026-02-28 08:16:35,72.42,2.107,4.01
COMPRESSOR_D,2026-02-28 08:16:35,70.79,2.237,3.63
PUMP_A,2026-02-28 08:16:37,86.61,3.623,2.62
PUMP_B,2026-02-28 08:16:37,73.52,1.158,3.81
MOTOR_C,2026-02-28 08:16:37,69.53,1.747,4.14
COMPRESSOR_D,2026-02-28 08:16:37,63.99,1.439,3.67
PUMP_A,2026-02-28 08:16:39,86.18,4.325,3.0
PUMP_B,2026-02-28 08:16:39,69.76,1.068,4.26
MOTOR_C,2026-02-28 08:16:39,67.15,1.559,3.65
COMPRESSOR_D,2026-02-28 08:16:39,72.96,1.22,3.97
PUMP_A,2026-02-28 08:16:41,86.95,3.619,2.46
PUMP_B,2026-02-28 08:16:41,71.23,1.821,4.74
MOTOR_C,2026-02-28 08:16:41,67.11,2.285,4.2
COMPRESSOR_D,2026-02-28 08:16:41,72.51,2.159,3.61
PUMP_A,2026-02-28 08:16:43,88.69,3.741,2.04
PUMP_B,2026-02-28 08:16:43,65.7,2.361,4.7
MOTOR_C,2026-02-28 08:16:43,73.62,1.869,3.87
COMPRESSOR_D,2026-02-28 08:16:43,66.82,2.201,3.64
PUMP_A,2026-02-28 08:16:45,91.65,3.985,2.57
PUMP_B,2026-02-28 08:16:45,67.78,1.706,4.27
MOTOR_C,2026-02-28 08:16:45,73.48,2.185,4.09
COMPRESSOR_D,2026-02-28 08:16:45,70.12,1.587,4.12
PUMP_A,2026-02-28 08:16:47,92.62,3.834,2.08
PUMP_B,2026-02-28 08:16:47,69.27,2.032,4.05
MOTOR_C,2026-02-28 08:16:47,67.3,1.881,4.8
COMPRESSOR_D,2026-02-28 08:16:47,73.42,1.909,4.17
PUMP_A,2026-02-28 08:16:49,86.62,3.303,2.03
PUMP_B,2026-02-28 08:16:49,64.12,1.529,3.81
MOTOR_C,2026-02-28 08:16:49,63.39,2.009,3.93
COMPRESSOR_D,2026-02-28 08:16:49,63.68,1.848,3.65
PUMP_A,2026-02-28 08:16:49,87.15,3.419,2.98
PUMP_B,2026-02-28 08:16:49,62.88,1.187,3.95
MOTOR_C,2026-02-28 08:16:49,69.35,2.214,4.62
COMPRESSOR_D,2026-02-28 08:16:49,64.56,1.782,3.92
PUMP_A,2026-02-28 08:16:51,94.19,3.441,2.21
PUMP_B,2026-02-28 08:16:51,72.56,2.282,4.28
MOTOR_C,2026-02-28 08:16:51,67.68,1.992,3.74
COMPRESSOR_D,2026-02-28 08:16:51,66.77,1.474,4.31
PUMP_A,2026-02-28 08:16:53,92.42,4.068,2.18
PUMP_B,2026-02-28 08:16:53,68.11,1.758,4.2
MOTOR_C,2026-02-28 08:16:53,69.29,1.03,3.93
COMPRESSOR_D,2026-02-28 08:16:53,68.74,2.152,3.84
PUMP_A,2026-02-28 08:16:55,86.87,4.214,2.64
PUMP_B,2026-02-28 08:16:55,67.62,1.522,4.37
MOTOR_C,2026-02-28 08:16:55,73.88,1.888,4.19
COMPRESSOR_D,2026-02-28 08:16:55,64.3,1.45,3.97
PUMP_A,2026-02-28 08:16:57,91.35,3.816,2.93
PUMP_B,2026-02-28 08:16:57,64.31,1.996,4.73
MOTOR_C,2026-02-28 08:16:57,62.15,1.702,3.96
COMPRESSOR_D,2026-02-28 08:16:57,70.44,1.541,4.29
PUMP_A,2026-02-28 08:16:59,86.04,3.392,2.03
PUMP_B,2026-02-28 08:16:59,67.58,1.34,4.05
MOTOR_C,2026-02-28 08:16:59,64.51,1.517,3.8
COMPRESSOR_D,2026-02-28 08:16:59,72.83,2.165,4.19
PUMP_A,2026-02-28 08:17:01,85.51,4.024,2.61
PUMP_B,2026-02-28 08:17:01,71.12,1.499,4.21
MOTOR_C,2026-02-28 08:17:01,64.64,2.064,4.78
COMPRESSOR_D,2026-02-28 08:17:01,62.99,2.169,4.02
PUMP_A,2026-02-28 08:17:04,94.27,4.579,2.15
PUMP_B,2026-02-28 08:17:04,63.57,1.15,3.98
MOTOR_C,2026-02-28 08:17:04,65.89,1.356,3.64
COMPRESSOR_D,2026-02-28 08:17:04,64.04,2.168,4.66
PUMP_A,2026-02-28 08:17:06,91.01,3.979,2.2
PUMP_B,2026-02-28 08:17:06,63.0,2.162,4.45
MOTOR_C,2026-02-28 08:17:06,68.79,1.404,4.08
COMPRESSOR_D,2026-02-28 08:17:06,63.6,1.52,3.93
PUMP_A,2026-02-28 08:17:08,84.12,4.775,2.32
PUMP_B,2026-02-28 08:17:08,73.01,1.25,3.93
MOTOR_C,2026-02-28 08:17:08,71.16,2.088,3.99
COMPRESSOR_D,2026-02-28 08:17:08,66.03,1.406,4.1
PUMP_A,2026-02-28 08:17:10,94.53,3.313,2.64
PUMP_B,2026-02-28 08:17:10,66.25,2.03,4.57
MOTOR_C,2026-02-28 08:17:10,70.77,1.533,4.53
COMPRESSOR_D,2026-02-28 08:17:10,64.2,1.179,4.32
PUMP_A,2026-02-28 08:17:12,82.7,3.824,2.9
PUMP_B,2026-02-28 08:17:12,69.64,1.485,4.25
MOTOR_C,2026-02-28 08:17:12,65.88,2.075,4.01
COMPRESSOR_D,2026-02-28 08:17:12,69.73,2.194,3.72
PUMP_A,2026-02-28 08:17:14,84.65,3.877,2.87
PUMP_B,2026-02-28 08:17:14,72.91,1.286,4.54
MOTOR_C,2026-02-28 08:17:14,62.32,2.297,4.68
COMPRESSOR_D,2026-02-28 08:17:14,71.62,1.277,3.83
PUMP_A,2026-02-28 08:17:16,93.64,4.635,2.26
PUMP_B,2026-02-28 08:17:16,64.27,1.227,4.07
MOTOR_C,2026-02-28 08:17:16,64.27,1.17,3.78
COMPRESSOR_D,2026-02-28 08:17:16,62.17,1.651,4.32
PUMP_A,2026-02-28 08:17:18,86.76,4.274,2.81
PUMP_B,2026-02-28 08:17:18,65.84,1.661,4.59
MOTOR_C,2026-02-28 08:17:18,72.88,1.394,4.74
COMPRESSOR_D,2026-02-28 08:17:18,67.68,1.893,4.54
PUMP_A,2026-02-28 08:17:20,89.09,4.228,2.01
PUMP_B,2026-02-28 08:17:20,73.03,2.215,4.23
MOTOR_C,2026-02-28 08:17:20,72.89,1.728,4.16
COMPRESSOR_D,2026-02-28 08:17:20,67.79,1.701,4.26
PUMP_A,2026-02-28 08:17:20,85.82,3.371,2.32
PUMP_B,2026-02-28 08:17:20,71.81,1.503,4.29
MOTOR_C,2026-02-28 08:17:20,63.79,2.377,4.39
COMPRESSOR_D,2026-02-28 08:17:20,69.22,1.505,4.48
PUMP_A,2026-02-28 08:17:22,82.79,3.625,2.22
PUMP_B,2026-02-28 08:17:22,62.64,1.693,4.38
MOTOR_C,2026-02-28 08:17:22,65.07,2.221,4.51
COMPRESSOR_D,2026-02-28 08:17:22,69.66,1.623,4.38
PUMP_A,2026-02-28 08:17:24,94.99,3.867,2.19
PUMP_B,2026-02-28 08:17:24,69.32,1.467,3.85
MOTOR_C,2026-02-28 08:17:24,67.93,1.603,4.02
COMPRESSOR_D,2026-02-28 08:17:24,70.11,1.101,4.57
PUMP_A,2026-02-28 08:17:26,91.72,4.234,2.44
PUMP_B,2026-02-28 08:17:26,62.16,1.064,3.93
MOTOR_C,2026-02-28 08:17:26,62.63,1.161,3.75
COMPRESSOR_D,2026-02-28 08:17:26,64.2,1.611,4.28
PUMP_A,2026-02-28 08:17:28,87.68,4.0,2.5
PUMP_B,2026-02-28 08:17:28,73.49,1.128,4.23
MOTOR_C,2026-02-28 08:17:28,65.21,1.748,4.64
COMPRESSOR_D,2026-02-28 08:17:28,67.83,1.504,3.62
PUMP_A,2026-02-28 08:17:30,86.83,3.999,2.89
PUMP_B,2026-02-28 08:17:30,71.42,1.277,4.55
MOTOR_C,2026-02-28 08:17:30,66.35,1.945,3.87
COMPRESSOR_D,2026-02-28 08:17:30,70.57,1.166,3.8
PUMP_A,2026-02-28 08:17:32,82.0,3.368,2.76
PUMP_B,2026-02-28 08:17:32,62.24,1.154,4.73
MOTOR_C,2026-02-28 08:17:32,66.49,1.274,3.64
COMPRESSOR_D,2026-02-28 08:17:32,62.43,1.578,4.65
PUMP_A,2026-02-28 08:17:34,92.1,4.764,2.34
PUMP_B,2026-02-28 08:17:34,69.08,1.761,3.82
MOTOR_C,2026-02-28 08:17:34,69.5,1.994,3.8
COMPRESSOR_D,2026-02-28 08:17:34,64.83,1.343,4.03
PUMP_A,2026-02-28 08:17:36,87.42,3.901,2.58
PUMP_B,2026-02-28 08:17:36,69.56,1.192,4.44
MOTOR_C,2026-02-28 08:17:36,67.98,1.64,4.13
COMPRESSOR_D,2026-02-28 08:17:36,67.81,1.723,4.52
PUMP_A,2026-02-28 08:17:38,85.68,3.693,2.28
PUMP_B,2026-02-28 08:17:38,71.96,2.137,4.43
MOTOR_C,2026-02-28 08:17:38,68.1,2.027,3.61
COMPRESSOR_D,2026-02-28 08:17:38,69.38,2.119,4.19
PUMP_A,2026-02-28 08:17:40,90.08,4.232,2.12
PUMP_B,2026-02-28 08:17:40,64.9,1.769,3.93
MOTOR_C,2026-02-28 08:17:40,63.98,2.1,4.06
COMPRESSOR_D,2026-02-28 08:17:40,66.78,1.451,3.76
PUMP_A,2026-02-28 08:17:42,83.0,4.492,2.18
PUMP_B,2026-02-28 08:17:42,64.49,1.237,3.66
MOTOR_C,2026-02-28 08:17:42,73.7,1.646,4.37
COMPRESSOR_D,2026-02-28 08:17:42,70.34,2.392,3.79
PUMP_A,2026-02-28 08:17:44,84.14,4.095,2.32
PUMP_B,2026-02-28 08:17:44,63.86,2.146,4.41
MOTOR_C,2026-02-28 08:17:44,65.65,2.275,4.08
COMPRESSOR_D,2026-02-28 08:17:44,63.91,2.125,3.67
PUMP_A,2026-02-28 08:17:46,93.2,3.87,2.75
PUMP_B,2026-02-28 08:17:46,63.1,1.522,4.2
MOTOR_C,2026-02-28 08:17:46,70.24,1.753,4.18
COMPRESSOR_D,2026-02-28 08:17:46,70.73,1.834,4.22
PUMP_A,2026-02-28 08:17:48,89.88,3.418,2.73
PUMP_B,2026-02-28 08:17:48,73.87,2.359,3.64
MOTOR_C,2026-02-28 08:17:48,64.64,1.716,4.66
COMPRESSOR_D,2026-02-28 08:17:48,69.57,2.149,4.23
PUMP_A,2026-02-28 08:17:50,90.95,4.246,2.81
PUMP_B,2026-02-28 08:17:50,71.71,1.085,4.7
MOTOR_C,2026-02-28 08:17:50,72.71,1.756,4.67
COMPRESSOR_D,2026-02-28 08:17:50,71.59,1.563,4.42
PUMP_A,2026-02-28 08:17:52,92.76,3.338,2.54
PUMP_B,2026-02-28 08:17:52,64.78,1.253,3.7
MOTOR_C,2026-02-28 08:17:52,71.24,2.076,3.98
COMPRESSOR_D,2026-02-28 08:17:52,71.36,1.009,3.76
PUMP_A,2026-02-28 08:17:53,84.35,3.771,2.34
PUMP_B,2026-02-28 08:17:53,72.89,2.331,4.6
MOTOR_C,2026-02-28 08:17:53,69.72,2.286,4.77
COMPRESSOR_D,2026-02-28 08:17:53,64.78,1.03,3.63
PUMP_A,2026-02-28 08:17:55,87.08,4.356,2.68
PUMP_B,2026-02-28 08:17:55,72.9,2.155,4.8
MOTOR_C,2026-02-28 08:17:55,73.94,1.053,4.52
COMPRESSOR_D,2026-02-28 08:17:55,69.11,1.056,4.32
PUMP_A,2026-02-28 08:17:57,93.25,4.309,2.96
PUMP_B,2026-02-28 08:17:57,73.79,1.748,3.69
MOTOR_C,2026-02-28 08:17:57,72.06,1.613,3.99
COMPRESSOR_D,2026-02-28 08:17:57,71.67,1.625,3.95
PUMP_A,2026-02-28 08:17:59,84.23,4.302,2.22
PUMP_B,2026-02-28 08:17:59,71.86,1.409,3.6
MOTOR_C,2026-02-28 08:17:59,67.29,1.394,4.25
COMPRESSOR_D,2026-02-28 08:17:59,69.27,1.695,4.72
PUMP_A,2026-02-28 08:18:01,88.42,3.288,2.18
PUMP_B,2026-02-28 08:18:01,71.0,2.302,3.97
MOTOR_C,2026-02-28 08:18:01,65.4,1.304,4.71
COMPRESSOR_D,2026-02-28 08:18:01,72.36,2.208,4.29
PUMP_A,2026-02-28 08:18:03,82.04,3.442,2.16
PUMP_B,2026-02-28 08:18:03,66.89,2.321,3.7
MOTOR_C,2026-02-28 08:18:03,72.48,2.185,3.82
COMPRESSOR_D,2026-02-28 08:18:03,64.01,1.215,3.78
PUMP_A,2026-02-28 08:18:05,85.24,3.686,2.16
PUMP_B,2026-02-28 08:18:05,62.27,1.525,4.32
MOTOR_C,2026-02-28 08:18:05,64.05,1.301,3.8
COMPRESSOR_D,2026-02-28 08:18:05,66.08,1.29,3.76
PUMP_A,2026-02-28 08:18:07,86.08,4.341,2.45
PUMP_B,2026-02-28 08:18:07,69.03,1.543,3.98
MOTOR_C,2026-02-28 08:18:07,67.56,1.76,3.67
COMPRESSOR_D,2026-02-28 08:18:07,68.09,1.601,4.66
PUMP_A,2026-02-28 08:18:09,89.14,3.786,2.3
PUMP_B,2026-02-28 08:18:09,64.64,2.222,3.72
MOTOR_C,2026-02-28 08:18:09,66.93,1.321,4.41
COMPRESSOR_D,2026-02-28 08:18:09,73.76,1.755,4.58
PUMP_A,2026-02-28 08:18:11,93.0,3.792,2.98
PUMP_B,2026-02-28 08:18:11,63.01,1.816,4.79
MOTOR_C,2026-02-28 08:18:11,67.26,2.257,3.94
COMPRESSOR_D,2026-02-28 08:18:11,70.73,1.448,4.23
PUMP_A,2026-02-28 08:18:13,87.6,4.632,2.52
PUMP_B,2026-02-28 08:18:13,62.89,2.359,3.72
MOTOR_C,2026-02-28 08:18:13,73.58,1.429,3.81
COMPRESSOR_D,2026-02-28 08:18:13,72.3,2.224,4.15
PUMP_A,2026-02-28 08:18:15,90.57,3.408,2.18
PUMP_B,2026-02-28 08:18:15,66.84,1.233,3.81
MOTOR_C,2026-02-28 08:18:15,72.69,2.021,3.71
COMPRESSOR_D,2026-02-28 08:18:15,63.26,1.36,3.81
PUMP_A,2026-02-28 08:18:17,85.43,3.358,2.17
PUMP_B,2026-02-28 08:18:17,62.54,1.417,4.51
MOTOR_C,2026-02-28 08:18:17,73.65,2.108,3.89
COMPRESSOR_D,2026-02-28 08:18:17,65.78,1.562,4.1
PUMP_A,2026-02-28 08:18:19,83.45,4.474,2.42
PUMP_B,2026-02-28 08:18:19,63.47,1.573,4.61
MOTOR_C,2026-02-28 08:18:19,73.78,2.173,4.0
COMPRESSOR_D,2026-02-28 08:18:19,71.69,1.019,3.76
PUMP_A,2026-02-28 08:18:21,87.77,4.334,2.99
PUMP_B,2026-02-28 08:18:21,71.64,1.101,4.77
MOTOR_C,2026-02-28 08:18:21,72.94,1.285,3.75
COMPRESSOR_D,2026-02-28 08:18:21,73.38,1.646,4.6
PUMP_A,2026-02-28 08:18:23,92.75,3.889,2.5
PUMP_B,2026-02-28 08:18:23,64.18,2.348,4.25
MOTOR_C,2026-02-28 08:18:23,72.93,1.683,4.04
COMPRESSOR_D,2026-02-28 08:18:23,69.26,1.991,4.49
PUMP_A,2026-02-28 08:18:24,91.46,3.216,2.81
PUMP_B,2026-02-28 08:18:24,71.56,1.875,4.5
MOTOR_C,2026-02-28 08:18:24,64.5,1.583,4.62
COMPRESSOR_D,2026-02-28 08:18:24,62.67,1.33,3.92
PUMP_A,2026-02-28 08:18:26,87.24,4.468,2.7
PUMP_B,2026-02-28 08:18:26,66.82,1.359,3.94
MOTOR_C,2026-02-28 08:18:26,63.1,1.141,4.12
COMPRESSOR_D,2026-02-28 08:18:26,62.31,2.278,3.62
PUMP_A,2026-02-28 08:18:28,86.37,4.485,2.77
PUMP_B,2026-02-28 08:18:28,69.87,1.89,4.1
MOTOR_C,2026-02-28 08:18:28,65.99,1.293,3.92
COMPRESSOR_D,2026-02-28 08:18:28,71.1,1.139,4.33
PUMP_A,2026-02-28 08:18:30,83.75,4.032,2.81
PUMP_B,2026-02-28 08:18:30,73.21,1.636,3.86
MOTOR_C,2026-02-28 08:18:30,63.3,1.724,4.47
COMPRESSOR_D,2026-02-28 08:18:30,65.4,1.682,4.12
PUMP_A,2026-02-28 08:18:32,88.33,4.223,2.52
PUMP_B,2026-02-28 08:18:32,73.29,1.284,3.79
MOTOR_C,2026-02-28 08:18:32,73.39,2.177,4.06
COMPRESSOR_D,2026-02-28 08:18:32,64.74,1.823,4.46
PUMP_A,2026-02-28 08:18:34,94.48,4.588,2.77
PUMP_B,2026-02-28 08:18:34,69.6,2.184,3.96
MOTOR_C,2026-02-28 08:18:34,62.94,1.287,4.71
COMPRESSOR_D,2026-02-28 08:18:34,70.02,1.024,3.66
PUMP_A,2026-02-28 08:18:36,82.26,4.191,2.3
PUMP_B,2026-02-28 08:18:36,70.0,1.21,3.75
MOTOR_C,2026-02-28 08:18:36,68.09,1.766,4.26
COMPRESSOR_D,2026-02-28 08:18:36,62.48,1.374,4.43
PUMP_A,2026-02-28 08:18:38,88.74,3.267,2.82
PUMP_B,2026-02-28 08:18:38,71.43,1.714,4.75
MOTOR_C,2026-02-28 08:18:38,68.65,1.161,3.63
COMPRESSOR_D,2026-02-28 08:18:38,64.35,2.226,4.79
PUMP_A,2026-02-28 08:18:40,92.06,4.212,2.99
PUMP_B,2026-02-28 08:18:40,71.15,1.852,3.72
MOTOR_C,2026-02-28 08:18:40,68.44,2.104,3.75
COMPRESSOR_D,2026-02-28 08:18:40,67.67,1.123,3.67
PUMP_A,2026-02-28 08:18:42,89.5,4.5,2.92
PUMP_B,2026-02-28 08:18:42,65.36,1.806,3.9
MOTOR_C,2026-02-28 08:18:42,63.89,1.722,4.66
COMPRESSOR_D,2026-02-28 08:18:42,67.53,1.166,4.04
PUMP_A,2026-02-28 08:18:44,83.68,3.972,2.83
PUMP_B,2026-02-28 08:18:44,64.51,1.53,3.88
MOTOR_C,2026-02-28 08:18:44,73.58,2.287,3.97
COMPRESSOR_D,2026-02-28 08:18:44,66.73,1.678,3.78
PUMP_A,2026-02-28 08:18:46,85.05,3.648,2.19
PUMP_B,2026-02-28 08:18:46,63.58,1.41,3.72
MOTOR_C,2026-02-28 08:18:46,63.31,1.523,3.65
COMPRESSOR_D,2026-02-28 08:18:46,66.88,1.036,3.89
PUMP_A,2026-02-28 08:18:48,84.8,4.451,2.96
PUMP_B,2026-02-28 08:18:48,69.73,1.017,4.1
MOTOR_C,2026-02-28 08:18:48,66.89,1.025,4.02
COMPRESSOR_D,2026-02-28 08:18:48,63.67,1.17,4.7
PUMP_A,2026-02-28 08:18:50,84.57,4.122,2.79
PUMP_B,2026-02-28 08:18:50,66.15,2.107,4.24
MOTOR_C,2026-02-28 08:18:50,71.35,1.578,4.45
COMPRESSOR_D,2026-02-28 08:18:50,63.49,1.973,4.57
PUMP_A,2026-02-28 08:18:52,84.15,3.99,2.93
PUMP_B,2026-02-28 08:18:52,62.86,1.055,4.48
MOTOR_C,2026-02-28 08:18:52,64.25,1.399,4.55
COMPRESSOR_D,2026-02-28 08:18:52,71.5,1.727,4.7
PUMP_A,2026-02-28 08:18:54,92.11,3.846,2.57
PUMP_B,2026-02-28 08:18:54,64.11,1.274,4.71
MOTOR_C,2026-02-28 08:18:54,71.72,2.285,4.32
COMPRESSOR_D,2026-02-28 08:18:54,64.44,1.043,3.63
PUMP_A,2026-02-28 08:18:54,92.37,3.778,2.52
PUMP_B,2026-02-28 08:18:54,71.19,1.379,3.92
MOTOR_C,2026-02-28 08:18:54,65.81,2.159,4.62
COMPRESSOR_D,2026-02-28 08:18:54,63.21,1.012,3.79
PUMP_A,2026-02-28 08:18:56,82.23,4.013,2.83
PUMP_B,2026-02-28 08:18:56,68.84,2.127,4.43
MOTOR_C,2026-02-28 08:18:56,70.32,1.57,4.44
COMPRESSOR_D,2026-02-28 08:18:56,64.39,1.712,4.69
PUMP_A,2026-02-28 08:18:58,87.56,3.318,2.59
PUMP_B,2026-02-28 08:18:58,64.79,1.98,4.12
MOTOR_C,2026-02-28 08:18:58,66.25,2.124,3.72
COMPRESSOR_D,2026-02-28 08:18:58,64.31,1.483,4.74
PUMP_A,2026-02-28 08:19:00,82.34,4.202,2.69
PUMP_B,2026-02-28 08:19:00,66.31,1.351,3.67
MOTOR_C,2026-02-28 08:19:00,68.19,1.587,3.86
COMPRESSOR_D,2026-02-28 08:19:00,66.52,1.127,3.83
PUMP_A,2026-02-28 08:19:02,83.15,3.648,2.83
PUMP_B,2026-02-28 08:19:02,67.37,1.181,4.63
MOTOR_C,2026-02-28 08:19:02,69.55,1.143,4.24
COMPRESSOR_D,2026-02-28 08:19:02,63.02,1.28,3.69
PUMP_A,2026-02-28 08:19:04,90.2,4.101,2.28
PUMP_B,2026-02-28 08:19:04,67.19,1.117,4.18
MOTOR_C,2026-02-28 08:19:04,71.12,2.388,4.1
COMPRESSOR_D,2026-02-28 08:19:04,64.89,1.84,4.28
PUMP_A,2026-02-28 08:19:06,94.63,4.612,2.98
PUMP_B,2026-02-28 08:19:06,72.29,1.016,4.18
MOTOR_C,2026-02-28 08:19:06,73.25,1.905,3.66
COMPRESSOR_D,2026-02-28 08:19:06,71.51,1.495,3.8
PUMP_A,2026-02-28 08:19:08,88.85,3.799,2.3
PUMP_B,2026-02-28 08:19:08,63.18,1.042,4.22
MOTOR_C,2026-02-28 08:19:08,73.42,1.252,4.14
COMPRESSOR_D,2026-02-28 08:19:08,72.48,1.34,4.42
PUMP_A,2026-02-28 08:19:10,85.48,3.501,2.4
PUMP_B,2026-02-28 08:19:10,69.32,1.21,3.91
MOTOR_C,2026-02-28 08:19:10,64.45,1.736,4.67
COMPRESSOR_D,2026-02-28 08:19:10,70.14,2.079,4.44
PUMP_A,2026-02-28 08:19:12,89.06,4.399,2.09
PUMP_B,2026-02-28 08:19:12,73.36,2.108,4.17
MOTOR_C,2026-02-28 08:19:12,62.06,2.162,3.62
COMPRESSOR_D,2026-02-28 08:19:12,62.45,1.717,4.07
PUMP_A,2026-02-28 08:19:14,83.1,3.986,2.48
PUMP_B,2026-02-28 08:19:14,67.79,2.263,3.82
MOTOR_C,2026-02-28 08:19:14,70.49,1.475,3.88
COMPRESSOR_D,2026-02-28 08:19:14,69.7,1.265,3.8
PUMP_A,2026-02-28 08:19:16,90.1,3.641,2.3
PUMP_B,2026-02-28 08:19:16,69.37,1.382,4.3
MOTOR_C,2026-02-28 08:19:16,68.35,1.501,4.69
COMPRESSOR_D,2026-02-28 08:19:16,73.88,1.229,4.65
PUMP_A,2026-02-28 08:19:18,91.5,4.551,2.62
PUMP_B,2026-02-28 08:19:18,63.22,1.946,3.71
MOTOR_C,2026-02-28 08:19:18,64.71,1.78,4.21
COMPRESSOR_D,2026-02-28 08:19:18,74.0,2.018,3.81
PUMP_A,2026-02-28 08:19:20,87.73,3.634,2.23
PUMP_B,2026-02-28 08:19:20,65.42,2.167,4.56
MOTOR_C,2026-02-28 08:19:20,71.04,1.612,4.63
COMPRESSOR_D,2026-02-28 08:19:20,64.0,1.287,3.7
PUMP_A,2026-02-28 08:19:22,94.22,3.304,2.06
PUMP_B,2026-02-28 08:19:22,68.41,1.073,4.24
MOTOR_C,2026-02-28 08:19:22,66.51,1.476,4.16
COMPRESSOR_D,2026-02-28 08:19:22,71.8,1.19,3.99
PUMP_A,2026-02-28 08:19:24,83.85,4.235,2.21
PUMP_B,2026-02-28 08:19:24,71.63,2.1,4.04
MOTOR_C,2026-02-28 08:19:24,71.57,1.012,4.54
COMPRESSOR_D,2026-02-28 08:19:24,70.92,2.016,4.05
PUMP_A,2026-02-28 08:19:25,83.78,4.549,2.09
PUMP_B,2026-02-28 08:19:25,71.22,1.809,4.49
MOTOR_C,2026-02-28 08:19:25,72.68,1.27,4.3
COMPRESSOR_D,2026-02-28 08:19:25,67.72,1.811,4.06
PUMP_A,2026-02-28 08:19:27,88.24,3.491,2.93
PUMP_B,2026-02-28 08:19:27,69.4,1.61,4.05
MOTOR_C,2026-02-28 08:19:27,73.35,2.098,4.39
COMPRESSOR_D,2026-02-28 08:19:27,67.62,1.334,4.52
PUMP_A,2026-02-28 08:19:29,88.52,3.426,2.05
PUMP_B,2026-02-28 08:19:29,62.58,1.723,4.5
MOTOR_C,2026-02-28 08:19:29,65.02,1.141,3.61
COMPRESSOR_D,2026-02-28 08:19:29,67.76,1.221,4.42
PUMP_A,2026-02-28 08:19:31,87.8,3.863,2.13
PUMP_B,2026-02-28 08:19:31,69.45,1.344,3.69
MOTOR_C,2026-02-28 08:19:31,62.55,1.625,4.55
COMPRESSOR_D,2026-02-28 08:19:31,66.11,1.074,3.67
PUMP_A,2026-02-28 08:19:33,84.51,4.052,2.9
PUMP_B,2026-02-28 08:19:33,65.83,2.038,4.01
MOTOR_C,2026-02-28 08:19:33,73.5,2.21,4.65
COMPRESSOR_D,2026-02-28 08:19:33,63.32,2.269,4.44
PUMP_A,2026-02-28 08:19:35,92.26,3.737,2.78
PUMP_B,2026-02-28 08:19:35,64.8,1.913,3.87
MOTOR_C,2026-02-28 08:19:35,63.19,1.201,4.63
COMPRESSOR_D,2026-02-28 08:19:35,72.83,1.783,4.5
PUMP_A,2026-02-28 08:19:37,87.63,3.91,2.16
PUMP_B,2026-02-28 08:19:37,73.46,2.245,4.56
MOTOR_C,2026-02-28 08:19:37,67.11,2.066,4.68
COMPRESSOR_D,2026-02-28 08:19:37,70.48,1.804,4.39
PUMP_A,2026-02-28 08:19:39,82.62,3.812,2.43
PUMP_B,2026-02-28 08:19:39,70.11,1.64,4.67
MOTOR_C,2026-02-28 08:19:39,67.72,2.151,4.07
COMPRESSOR_D,2026-02-28 08:19:39,70.82,1.811,4.51
PUMP_A,2026-02-28 08:19:41,93.19,3.661,2.18
PUMP_B,2026-02-28 08:19:41,64.5,1.324,4.26
MOTOR_C,2026-02-28 08:19:41,67.54,2.078,4.77
COMPRESSOR_D,2026-02-28 08:19:41,73.51,2.324,4.6
PUMP_A,2026-02-28 08:19:43,85.99,4.545,2.33
PUMP_B,2026-02-28 08:19:43,70.01,1.949,3.88
MOTOR_C,2026-02-28 08:19:43,68.32,1.652,4.05
COMPRESSOR_D,2026-02-28 08:19:43,62.38,1.932,3.73
PUMP_A,2026-02-28 08:19:45,88.91,4.027,2.28
PUMP_B,2026-02-28 08:19:45,73.8,2.194,4.4
MOTOR_C,2026-02-28 08:19:45,64.31,1.087,4.58
COMPRESSOR_D,2026-02-28 08:19:45,62.93,1.062,3.86
PUMP_A,2026-02-28 08:19:47,92.31,3.307,2.75
PUMP_B,2026-02-28 08:19:47,70.12,2.382,3.78
MOTOR_C,2026-02-28 08:19:47,72.02,2.023,4.49
COMPRESSOR_D,2026-02-28 08:19:47,66.98,1.564,3.83
PUMP_A,2026-02-28 08:19:49,85.23,3.397,2.92
PUMP_B,2026-02-28 08:19:49,71.01,1.768,4.61
MOTOR_C,2026-02-28 08:19:49,62.96,1.893,4.37
COMPRESSOR_D,2026-02-28 08:19:49,65.21,1.454,4.06
PUMP_A,2026-02-28 08:19:51,83.25,3.762,2.44
PUMP_B,2026-02-28 08:19:51,63.16,2.174,4.47
MOTOR_C,2026-02-28 08:19:51,72.95,1.713,4.77
COMPRESSOR_D,2026-02-28 08:19:51,70.8,1.888,4.14
PUMP_A,2026-02-28 08:19:53,86.27,3.866,2.87
PUMP_B,2026-02-28 08:19:53,62.92,1.017,4.08
MOTOR_C,2026-02-28 08:19:53,70.83,1.252,3.95
COMPRESSOR_D,2026-02-28 08:19:53,67.69,2.225,3.86
PUMP_A,2026-02-28 08:19:55,92.5,4.236,2.78
PUMP_B,2026-02-28 08:19:55,69.19,1.316,4.02
MOTOR_C,2026-02-28 08:19:55,63.69,2.053,3.79
COMPRESSOR_D,2026-02-28 08:19:55,62.01,1.567,4.17
PUMP_A,2026-02-28 08:19:57,83.37,4.037,2.32
PUMP_B,2026-02-28 08:19:57,72.45,1.966,3.65
MOTOR_C,2026-02-28 08:19:57,70.98,1.573,3.93
COMPRESSOR_D,2026-02-28 08:19:57,62.55,2.388,4.32
PUMP_A,2026-02-28 08:19:59,89.29,4.716,2.52
PUMP_B,2026-02-28 08:19:59,67.84,1.648,4.4
MOTOR_C,2026-02-28 08:19:59,66.73,2.387,4.58
COMPRESSOR_D,2026-02-28 08:19:59,69.65,2.092,4.75
PUMP_A,2026-02-28 08:20:01,82.81,4.101,2.38
PUMP_B,2026-02-28 08:20:01,65.91,1.16,4.42
MOTOR_C,2026-02-28 08:20:01,62.5,2.273,3.79
COMPRESSOR_D,2026-02-28 08:20:01,72.4,1.201,4.31
PUMP_A,2026-02-28 08:20:03,91.42,4.175,2.01
PUMP_B,2026-02-28 08:20:03,62.67,1.831,3.7
MOTOR_C,2026-02-28 08:20:03,66.2,1.518,4.04
COMPRESSOR_D,2026-02-28 08:20:03,62.47,1.12,3.71
PUMP_A,2026-02-28 08:20:05,83.57,4.477,2.95
PUMP_B,2026-02-28 08:20:05,66.42,1.891,4.1
MOTOR_C,2026-02-28 08:20:05,67.34,1.04,4.21
COMPRESSOR_D,2026-02-28 08:20:05,65.45,2.216,4.52
PUMP_A,2026-02-28 08:20:07,84.68,3.408,2.5
PUMP_B,2026-02-28 08:20:07,70.39,1.497,4.5
MOTOR_C,2026-02-28 08:20:07,71.49,1.474,4.48
COMPRESSOR_D,2026-02-28 08:20:07,72.75,2.315,3.81
PUMP_A,2026-02-28 08:20:09,89.88,3.271,2.44
PUMP_B,2026-02-28 08:20:09,65.85,1.979,4.73
MOTOR_C,2026-02-28 08:20:09,66.84,1.446,3.77
COMPRESSOR_D,2026-02-28 08:20:09,63.76,1.727,3.83
PUMP_A,2026-02-28 08:20:11,82.84,3.709,2.5
PUMP_B,2026-02-28 08:20:11,65.13,1.752,4.49
MOTOR_C,2026-02-28 08:20:11,70.13,1.955,4.72
COMPRESSOR_D,2026-02-28 08:20:11,73.53,1.839,4.15
PUMP_A,2026-02-28 08:20:13,85.85,4.28,2.96
PUMP_B,2026-02-28 08:20:13,69.46,1.228,3.86
MOTOR_C,2026-02-28 08:20:13,69.56,1.812,3.75
COMPRESSOR_D,2026-02-28 08:20:13,63.1,1.027,3.86
PUMP_A,2026-02-28 08:20:15,82.97,3.627,2.54
PUMP_B,2026-02-28 08:20:15,72.63,1.077,3.82
MOTOR_C,2026-02-28 08:20:15,68.77,1.098,4.25
COMPRESSOR_D,2026-02-28 08:20:15,66.95,2.005,4.52
PUMP_A,2026-02-28 08:20:17,94.56,3.26,2.46
PUMP_B,2026-02-28 08:20:17,71.41,1.1,4.09
MOTOR_C,2026-02-28 08:20:17,63.73,1.875,4.74
COMPRESSOR_D,2026-02-28 08:20:17,71.74,1.165,4.23
PUMP_A,2026-02-28 08:20:19,82.44,4.0,2.55
PUMP_B,2026-02-28 08:20:19,68.05,2.319,4.12
MOTOR_C,2026-02-28 08:20:19,62.94,1.158,4.4
COMPRESSOR_D,2026-02-28 08:20:19,68.03,1.477,4.66
PUMP_A,2026-02-28 08:20:21,86.73,4.221,2.45
PUMP_B,2026-02-28 08:20:21,66.17,1.106,4.11
MOTOR_C,2026-02-28 08:20:21,73.52,1.006,4.39
COMPRESSOR_D,2026-02-28 08:20:21,70.3,1.019,4.44
PUMP_A,2026-02-28 08:20:23,91.12,4.157,2.47
PUMP_B,2026-02-28 08:20:23,66.15,1.803,4.66
MOTOR_C,2026-02-28 08:20:23,63.54,1.756,4.35
COMPRESSOR_D,2026-02-28 08:20:23,71.83,1.164,4.38
PUMP_A,2026-02-28 08:20:25,91.02,4.304,2.2
PUMP_B,2026-02-28 08:20:25,67.16,1.091,4.32
MOTOR_C,2026-02-28 08:20:25,63.96,2.1,4.12
COMPRESSOR_D,2026-02-28 08:20:25,64.65,1.709,3.83
PUMP_A,2026-02-28 08:20:27,90.89,3.28,2.92
PUMP_B,2026-02-28 08:20:27,65.72,1.77,3.87
MOTOR_C,2026-02-28 08:20:27,62.74,1.276,4.54
COMPRESSOR_D,2026-02-28 08:20:27,65.48,1.249,4.01
PUMP_A,2026-02-28 08:20:29,84.79,3.399,2.42
PUMP_B,2026-02-28 08:20:29,69.65,1.577,4.79
MOTOR_C,2026-02-28 08:20:29,63.0,1.251,4.47
COMPRESSOR_D,2026-02-28 08:20:29,63.81,1.431,4.3
PUMP_A,2026-02-28 08:20:29,85.49,4.076,2.34
PUMP_B,2026-02-28 08:20:29,64.96,1.008,4.07
MOTOR_C,2026-02-28 08:20:29,66.63,1.074,4.26
COMPRESSOR_D,2026-02-28 08:20:29,67.01,1.922,4.25
PUMP_A,2026-02-28 08:20:31,85.52,3.949,2.9
PUMP_B,2026-02-28 08:20:31,66.94,1.608,4.78
MOTOR_C,2026-02-28 08:20:31,70.27,1.969,4.4
COMPRESSOR_D,2026-02-28 08:20:31,65.61,1.779,4.46
PUMP_A,2026-02-28 08:20:33,82.06,3.531,2.57
PUMP_B,2026-02-28 08:20:33,70.95,2.077,3.99
MOTOR_C,2026-02-28 08:20:33,68.63,1.735,4.56
COMPRESSOR_D,2026-02-28 08:20:33,68.98,1.342,3.98
PUMP_A,2026-02-28 08:20:35,86.67,3.887,2.61
PUMP_B,2026-02-28 08:20:35,65.9,1.596,4.31
MOTOR_C,2026-02-28 08:20:35,62.21,1.243,4.77
COMPRESSOR_D,2026-02-28 08:20:35,63.06,1.996,3.88
PUMP_A,2026-02-28 08:20:37,84.72,3.212,2.67
PUMP_B,2026-02-28 08:20:37,64.16,1.556,4.66
MOTOR_C,2026-02-28 08:20:37,63.65,1.978,3.87
COMPRESSOR_D,2026-02-28 08:20:37,73.04,2.172,4.33
PUMP_A,2026-02-28 08:20:39,91.81,3.624,2.48
PUMP_B,2026-02-28 08:20:39,64.76,1.427,3.6
MOTOR_C,2026-02-28 08:20:39,71.59,1.905,4.35
COMPRESSOR_D,2026-02-28 08:20:39,73.85,1.868,3.86
PUMP_A,2026-02-28 08:20:41,87.85,4.454,2.6
PUMP_B,2026-02-28 08:20:41,67.43,1.845,4.7
MOTOR_C,2026-02-28 08:20:41,67.68,1.189,3.63
COMPRESSOR_D,2026-02-28 08:20:41,66.71,2.174,4.67
PUMP_A,2026-02-28 08:20:43,89.05,3.932,2.52
PUMP_B,2026-02-28 08:20:43,64.3,2.241,4.11
MOTOR_C,2026-02-28 08:20:43,71.89,1.445,4.61
COMPRESSOR_D,2026-02-28 08:20:43,66.73,1.951,4.65
PUMP_A,2026-02-28 08:20:45,88.27,4.644,2.63
PUMP_B,2026-02-28 08:20:45,63.99,2.379,4.18
MOTOR_C,2026-02-28 08:20:45,72.64,2.147,4.1
COMPRESSOR_D,2026-02-28 08:20:45,73.83,1.975,4.1
PUMP_A,2026-02-28 08:20:47,84.96,3.553,2.31
PUMP_B,2026-02-28 08:20:47,68.2,2.098,3.82
MOTOR_C,2026-02-28 08:20:47,72.3,1.209,4.36
COMPRESSOR_D,2026-02-28 08:20:47,70.54,1.503,4.16
PUMP_A,2026-02-28 08:20:49,89.41,3.754,2.31
PUMP_B,2026-02-28 08:20:49,72.85,1.887,4.3
MOTOR_C,2026-02-28 08:20:49,65.31,1.92,3.6
COMPRESSOR_D,2026-02-28 08:20:49,66.79,2.242,4.56
PUMP_A,2026-02-28 08:20:51,85.06,3.237,2.67
PUMP_B,2026-02-28 08:20:51,70.5,1.188,4.1
MOTOR_C,2026-02-28 08:20:51,71.55,1.184,3.73
COMPRESSOR_D,2026-02-28 08:20:51,63.25,1.593,4.22
PUMP_A,2026-02-28 08:20:53,89.29,3.893,2.6
PUMP_B,2026-02-28 08:20:53,71.36,1.66,4.16
MOTOR_C,2026-02-28 08:20:53,68.53,2.253,3.99
COMPRESSOR_D,2026-02-28 08:20:53,73.78,1.054,4.47
PUMP_A,2026-02-28 08:20:55,87.72,4.468,2.32
PUMP_B,2026-02-28 08:20:55,73.66,1.505,3.94
MOTOR_C,2026-02-28 08:20:55,72.49,1.381,4.17
COMPRESSOR_D,2026-02-28 08:20:55,66.05,2.248,3.62
PUMP_A,2026-02-28 08:20:57,87.13,4.399,2.26
PUMP_B,2026-02-28 08:20:57,65.48,1.029,3.76
MOTOR_C,2026-02-28 08:20:57,73.31,1.577,4.56
COMPRESSOR_D,2026-02-28 08:20:57,71.78,1.381,4.46
PUMP_A,2026-02-28 08:20:59,82.98,3.672,2.34
PUMP_B,2026-02-28 08:20:59,69.36,1.158,4.51
MOTOR_C,2026-02-28 08:20:59,73.06,1.714,3.9
COMPRESSOR_D,2026-02-28 08:20:59,71.46,1.361,3.66
PUMP_A,2026-02-28 08:21:02,82.13,3.769,2.49
PUMP_B,2026-02-28 08:21:02,68.43,2.135,4.3
MOTOR_C,2026-02-28 08:21:02,69.22,1.745,3.81
COMPRESSOR_D,2026-02-28 08:21:02,73.97,1.477,4.55
PUMP_A,2026-02-28 08:21:04,82.96,4.677,2.86
PUMP_B,2026-02-28 08:21:04,69.78,2.093,3.92
MOTOR_C,2026-02-28 08:21:04,73.74,1.71,3.61
COMPRESSOR_D,2026-02-28 08:21:04,73.54,2.205,3.61
PUMP_A,2026-02-28 08:21:06,83.21,3.342,2.18
PUMP_B,2026-02-28 08:21:06,67.82,1.158,4.1
MOTOR_C,2026-02-28 08:21:06,62.76,1.613,3.82
COMPRESSOR_D,2026-02-28 08:21:06,71.78,1.698,4.45
PUMP_A,2026-02-28 08:21:08,86.08,4.302,2.98
PUMP_B,2026-02-28 08:21:08,68.44,1.783,3.8
MOTOR_C,2026-02-28 08:21:08,64.91,1.029,3.86
COMPRESSOR_D,2026-02-28 08:21:08,67.73,1.008,4.51
PUMP_A,2026-02-28 08:21:10,83.32,3.518,2.43
PUMP_B,2026-02-28 08:21:10,66.88,1.576,3.72
MOTOR_C,2026-02-28 08:21:10,72.52,1.093,3.66
COMPRESSOR_D,2026-02-28 08:21:10,68.49,1.437,4.13
PUMP_A,2026-02-28 08:21:12,92.94,4.258,2.53
PUMP_B,2026-02-28 08:21:12,66.16,1.127,3.72
MOTOR_C,2026-02-28 08:21:12,68.65,1.736,4.09
COMPRESSOR_D,2026-02-28 08:21:12,65.87,2.392,3.67
PUMP_A,2026-02-28 08:21:14,82.2,4.782,2.0
PUMP_B,2026-02-28 08:21:14,69.27,1.852,4.79
MOTOR_C,2026-02-28 08:21:14,63.95,2.397,4.25
COMPRESSOR_D,2026-02-28 08:21:14,65.29,1.476,4.41
PUMP_A,2026-02-28 08:21:16,94.79,4.4,2.26
PUMP_B,2026-02-28 08:21:16,69.63,1.478,4.32
MOTOR_C,2026-02-28 08:21:16,69.35,2.305,3.71
COMPRESSOR_D,2026-02-28 08:21:16,66.46,2.374,4.43
PUMP_A,2026-02-28 08:21:18,94.37,4.415,2.22
PUMP_B,2026-02-28 08:21:18,65.05,2.039,4.24
MOTOR_C,2026-02-28 08:21:18,65.58,2.114,4.47
COMPRESSOR_D,2026-02-28 08:21:18,73.44,1.357,3.62
PUMP_A,2026-02-28 08:21:20,90.1,3.215,2.38
PUMP_B,2026-02-28 08:21:20,63.0,1.999,4.15
MOTOR_C,2026-02-28 08:21:20,65.6,1.269,3.81
COMPRESSOR_D,2026-02-28 08:21:20,72.68,1.206,3.89
PUMP_A,2026-02-28 08:21:22,83.73,4.19,2.53
PUMP_B,2026-02-28 08:21:22,63.19,2.395,3.62
MOTOR_C,2026-02-28 08:21:22,62.46,1.166,4.42
COMPRESSOR_D,2026-02-28 08:21:22,70.84,1.639,4.64
PUMP_A,2026-02-28 08:21:24,89.65,3.943,2.31
PUMP_B,2026-02-28 08:21:24,65.18,2.114,4.32
MOTOR_C,2026-02-28 08:21:24,63.29,1.183,4.62
COMPRESSOR_D,2026-02-28 08:21:24,62.43,2.223,4.77
PUMP_A,2026-02-28 08:21:26,90.88,3.606,2.38
PUMP_B,2026-02-28 08:21:26,68.89,2.146,3.75
MOTOR_C,2026-02-28 08:21:26,73.99,1.807,4.46
COMPRESSOR_D,2026-02-28 08:21:26,64.06,1.316,4.79
PUMP_A,2026-02-28 08:21:28,86.11,4.638,2.1
PUMP_B,2026-02-28 08:21:28,64.15,1.51,3.97
MOTOR_C,2026-02-28 08:21:28,69.95,1.561,3.72
COMPRESSOR_D,2026-02-28 08:21:28,64.34,1.513,4.2
PUMP_A,2026-02-28 08:21:30,88.3,3.93,2.9
PUMP_B,2026-02-28 08:21:30,64.58,2.392,4.65
MOTOR_C,2026-02-28 08:21:30,71.19,1.916,3.71
COMPRESSOR_D,2026-02-28 08:21:30,68.92,1.663,3.81
PUMP_A,2026-02-28 08:21:32,92.2,4.664,2.14
PUMP_B,2026-02-28 08:21:32,63.74,1.693,3.85
MOTOR_C,2026-02-28 08:21:32,63.24,1.791,4.16
COMPRESSOR_D,2026-02-28 08:21:32,68.7,1.279,3.74
PUMP_A,2026-02-28 08:21:33,82.28,4.55,2.03
PUMP_B,2026-02-28 08:21:33,72.42,2.296,4.03
MOTOR_C,2026-02-28 08:21:33,66.14,1.226,4.37
COMPRESSOR_D,2026-02-28 08:21:33,66.27,1.601,4.54
PUMP_A,2026-02-28 08:21:35,88.41,3.777,2.52
PUMP_B,2026-02-28 08:21:35,63.57,1.775,4.59
MOTOR_C,2026-02-28 08:21:35,66.43,1.394,3.75
COMPRESSOR_D,2026-02-28 08:21:35,67.45,2.28,4.33
PUMP_A,2026-02-28 08:21:37,87.62,3.708,2.67
PUMP_B,2026-02-28 08:21:37,73.37,1.008,4.64
MOTOR_C,2026-02-28 08:21:37,65.76,1.607,4.29
COMPRESSOR_D,2026-02-28 08:21:37,67.26,1.397,4.26
PUMP_A,2026-02-28 08:21:39,93.97,3.42,2.91
PUMP_B,2026-02-28 08:21:39,62.11,1.062,4.44
MOTOR_C,2026-02-28 08:21:39,67.43,1.424,4.53
COMPRESSOR_D,2026-02-28 08:21:39,72.08,1.871,4.06
PUMP_A,2026-02-28 08:21:41,84.56,4.48,2.96
PUMP_B,2026-02-28 08:21:41,70.07,2.12,4.0
MOTOR_C,2026-02-28 08:21:41,70.45,1.448,3.84
COMPRESSOR_D,2026-02-28 08:21:41,69.66,2.055,4.06
PUMP_A,2026-02-28 08:21:43,87.42,3.28,2.05
PUMP_B,2026-02-28 08:21:43,69.93,1.047,4.57
MOTOR_C,2026-02-28 08:21:43,68.52,1.23,4.26
COMPRESSOR_D,2026-02-28 08:21:43,66.22,2.397,4.76
PUMP_A,2026-02-28 08:21:45,94.95,3.244,2.16
PUMP_B,2026-02-28 08:21:45,67.16,1.018,4.47
MOTOR_C,2026-02-28 08:21:45,73.61,1.86,4.56
COMPRESSOR_D,2026-02-28 08:21:45,66.03,1.08,3.95
PUMP_A,2026-02-28 08:21:47,88.85,3.486,2.35
PUMP_B,2026-02-28 08:21:47,70.99,1.069,4.71
MOTOR_C,2026-02-28 08:21:47,66.27,2.354,4.77
COMPRESSOR_D,2026-02-28 08:21:47,73.06,2.253,3.97
PUMP_A,2026-02-28 08:21:49,92.56,3.707,2.69
PUMP_B,2026-02-28 08:21:49,67.95,1.611,4.58
MOTOR_C,2026-02-28 08:21:49,70.81,1.66,3.61
COMPRESSOR_D,2026-02-28 08:21:49,73.78,1.234,3.99
PUMP_A,2026-02-28 08:21:51,93.75,4.029,2.66
PUMP_B,2026-02-28 08:21:51,69.78,1.296,3.77
MOTOR_C,2026-02-28 08:21:51,73.24,2.318,3.95
COMPRESSOR_D,2026-02-28 08:21:51,62.89,2.335,4.79
PUMP_A,2026-02-28 08:21:53,94.81,4.101,2.37
PUMP_B,2026-02-28 08:21:53,73.5,1.336,3.97
MOTOR_C,2026-02-28 08:21:53,73.13,1.705,4.8
COMPRESSOR_D,2026-02-28 08:21:53,62.68,1.5,3.69
PUMP_A,2026-02-28 08:21:55,89.23,4.429,2.92
PUMP_B,2026-02-28 08:21:55,63.89,1.35,4.76
MOTOR_C,2026-02-28 08:21:55,63.57,1.243,3.9
COMPRESSOR_D,2026-02-28 08:21:55,71.37,1.838,4.76
PUMP_A,2026-02-28 08:21:57,90.05,3.581,2.79
PUMP_B,2026-02-28 08:21:57,64.68,1.528,3.62
MOTOR_C,2026-02-28 08:21:57,67.87,2.027,3.62
COMPRESSOR_D,2026-02-28 08:21:57,72.11,1.768,3.61
PUMP_A,2026-02-28 08:21:59,85.42,3.499,2.67
PUMP_B,2026-02-28 08:21:59,67.87,1.745,4.46
MOTOR_C,2026-02-28 08:21:59,64.68,1.927,4.0
COMPRESSOR_D,2026-02-28 08:21:59,70.55,1.78,4.23
PUMP_A,2026-02-28 08:22:01,88.77,3.704,2.12
PUMP_B,2026-02-28 08:22:01,63.08,1.982,4.24
MOTOR_C,2026-02-28 08:22:01,70.11,1.776,4.27
COMPRESSOR_D,2026-02-28 08:22:01,70.04,1.58,3.83
PUMP_A,2026-02-28 08:22:03,93.79,4.596,2.18
PUMP_B,2026-02-28 08:22:03,64.61,1.603,3.97
MOTOR_C,2026-02-28 08:22:03,70.33,1.342,4.6
COMPRESSOR_D,2026-02-28 08:22:03,64.07,1.741,4.61
PUMP_A,2026-02-28 08:22:04,91.63,4.69,2.67
PUMP_B,2026-02-28 08:22:04,63.64,1.52,4.71
MOTOR_C,2026-02-28 08:22:04,67.65,2.035,4.55
COMPRESSOR_D,2026-02-28 08:22:04,73.09,2.252,4.27
PUMP_A,2026-02-28 08:22:06,91.95,3.236,2.21
PUMP_B,2026-02-28 08:22:06,69.31,2.317,3.74
MOTOR_C,2026-02-28 08:22:06,65.15,2.324,3.67
COMPRESSOR_D,2026-02-28 08:22:06,63.61,1.518,4.72
PUMP_A,2026-02-28 08:22:08,89.31,3.443,2.93
PUMP_B,2026-02-28 08:22:08,63.58,1.98,4.58
MOTOR_C,2026-02-28 08:22:08,71.88,1.491,4.69
COMPRESSOR_D,2026-02-28 08:22:08,65.57,1.463,4.4
PUMP_A,2026-02-28 08:22:10,94.87,3.421,2.85
PUMP_B,2026-02-28 08:22:10,68.97,1.902,4.03
MOTOR_C,2026-02-28 08:22:10,69.13,1.669,4.65
COMPRESSOR_D,2026-02-28 08:22:10,69.17,1.293,4.57
PUMP_A,2026-02-28 08:22:12,83.94,3.873,2.26
PUMP_B,2026-02-28 08:22:12,69.43,2.279,4.66
MOTOR_C,2026-02-28 08:22:12,62.25,2.189,4.64
COMPRESSOR_D,2026-02-28 08:22:12,73.75,1.85,4.39
PUMP_A,2026-02-28 08:22:14,89.89,4.653,2.39
PUMP_B,2026-02-28 08:22:14,62.45,1.421,4.21
MOTOR_C,2026-02-28 08:22:14,63.68,1.387,4.69
COMPRESSOR_D,2026-02-28 08:22:14,73.75,1.813,4.32
PUMP_A,2026-02-28 08:22:16,93.55,4.354,2.92
PUMP_B,2026-02-28 08:22:16,63.02,1.74,4.29
MOTOR_C,2026-02-28 08:22:16,64.85,2.04,3.73
COMPRESSOR_D,2026-02-28 08:22:16,63.03,2.321,4.01
PUMP_A,2026-02-28 08:22:18,87.26,3.59,2.15
PUMP_B,2026-02-28 08:22:18,62.02,1.0,4.28
MOTOR_C,2026-02-28 08:22:18,68.7,1.826,4.12
COMPRESSOR_D,2026-02-28 08:22:18,71.45,1.922,3.9
PUMP_A,2026-02-28 08:22:20,86.81,3.939,2.65
PUMP_B,2026-02-28 08:22:20,66.5,1.092,4.56
MOTOR_C,2026-02-28 08:22:20,69.7,2.005,4.62
COMPRESSOR_D,2026-02-28 08:22:20,67.86,2.266,3.77
PUMP_A,2026-02-28 08:22:22,83.99,3.74,2.03
PUMP_B,2026-02-28 08:22:22,73.94,1.397,4.71
MOTOR_C,2026-02-28 08:22:22,70.19,1.792,4.73
COMPRESSOR_D,2026-02-28 08:22:22,73.4,1.645,4.17
PUMP_A,2026-02-28 08:22:24,87.58,4.737,2.74
PUMP_B,2026-02-28 08:22:24,68.56,1.077,3.68
MOTOR_C,2026-02-28 08:22:24,64.75,1.058,4.57
COMPRESSOR_D,2026-02-28 08:22:24,64.04,1.488,4.61
PUMP_A,2026-02-28 08:22:26,82.33,3.596,2.52
PUMP_B,2026-02-28 08:22:26,63.83,2.035,3.76
MOTOR_C,2026-02-28 08:22:26,73.75,1.741,4.27
COMPRESSOR_D,2026-02-28 08:22:26,68.68,1.382,4.34
PUMP_A,2026-02-28 08:22:28,94.45,4.185,2.74
PUMP_B,2026-02-28 08:22:28,67.38,2.359,3.72
MOTOR_C,2026-02-28 08:22:28,66.91,1.047,3.87
COMPRESSOR_D,2026-02-28 08:22:28,70.4,1.434,3.74
PUMP_A,2026-02-28 08:22:30,82.46,3.223,2.12
PUMP_B,2026-02-28 08:22:30,62.06,1.152,4.14
MOTOR_C,2026-02-28 08:22:30,62.65,1.639,4.54
COMPRESSOR_D,2026-02-28 08:22:30,66.71,1.534,3.87
PUMP_A,2026-02-28 08:22:32,87.28,4.463,2.63
PUMP_B,2026-02-28 08:22:32,69.89,1.678,4.78
MOTOR_C,2026-02-28 08:22:32,64.79,2.06,4.12
COMPRESSOR_D,2026-02-28 08:22:32,63.72,2.046,4.56
PUMP_A,2026-02-28 08:22:34,85.23,4.768,2.21
PUMP_B,2026-02-28 08:22:34,66.74,1.193,3.75
MOTOR_C,2026-02-28 08:22:34,71.77,2.213,4.76
COMPRESSOR_D,2026-02-28 08:22:34,66.87,1.422,4.29
PUMP_A,2026-02-28 08:22:35,89.35,3.867,2.12
PUMP_B,2026-02-28 08:22:35,64.98,1.347,3.75
MOTOR_C,2026-02-28 08:22:35,64.73,1.934,4.19
COMPRESSOR_D,2026-02-28 08:22:35,69.54,2.045,4.68
PUMP_A,2026-02-28 08:22:37,86.67,3.544,2.12
PUMP_B,2026-02-28 08:22:37,73.76,1.707,3.84
MOTOR_C,2026-02-28 08:22:37,69.81,1.633,4.49
COMPRESSOR_D,2026-02-28 08:22:37,73.48,2.347,3.65
PUMP_A,2026-02-28 08:22:39,87.7,4.746,2.37
PUMP_B,2026-02-28 08:22:39,72.01,1.1,3.65
MOTOR_C,2026-02-28 08:22:39,67.06,1.706,4.45
COMPRESSOR_D,2026-02-28 08:22:39,62.71,1.045,4.42
PUMP_A,2026-02-28 08:22:41,82.49,3.217,2.13
PUMP_B,2026-02-28 08:22:41,65.35,1.143,3.64
MOTOR_C,2026-02-28 08:22:41,69.08,1.359,4.56
COMPRESSOR_D,2026-02-28 08:22:41,69.35,1.681,4.22
PUMP_A,2026-02-28 08:22:43,84.29,3.531,2.21
PUMP_B,2026-02-28 08:22:43,63.52,1.208,4.48
MOTOR_C,2026-02-28 08:22:43,64.97,1.183,4.48
COMPRESSOR_D,2026-02-28 08:22:43,72.93,1.563,3.87
PUMP_A,2026-02-28 08:22:45,90.66,3.34,2.43
PUMP_B,2026-02-28 08:22:45,65.38,2.187,3.94
MOTOR_C,2026-02-28 08:22:45,63.46,2.109,4.41
COMPRESSOR_D,2026-02-28 08:22:45,71.41,1.142,4.48
PUMP_A,2026-02-28 08:22:47,94.16,3.655,2.31
PUMP_B,2026-02-28 08:22:47,63.06,1.964,3.86
MOTOR_C,2026-02-28 08:22:47,73.71,1.261,4.32
COMPRESSOR_D,2026-02-28 08:22:47,69.08,1.85,3.96
PUMP_A,2026-02-28 08:22:49,84.43,4.129,2.95
PUMP_B,2026-02-28 08:22:49,72.06,1.71,4.74
MOTOR_C,2026-02-28 08:22:49,70.02,1.842,3.79
COMPRESSOR_D,2026-02-28 08:22:49,73.2,2.325,4.1
PUMP_A,2026-02-28 08:22:51,93.24,4.583,2.71
PUMP_B,2026-02-28 08:22:51,65.3,1.582,4.18
MOTOR_C,2026-02-28 08:22:51,73.92,1.75,4.56
COMPRESSOR_D,2026-02-28 08:22:51,65.84,1.439,3.66
PUMP_A,2026-02-28 08:22:53,90.4,3.895,2.62
PUMP_B,2026-02-28 08:22:53,68.39,1.567,4.06
MOTOR_C,2026-02-28 08:22:53,65.74,1.477,4.56
COMPRESSOR_D,2026-02-28 08:22:53,65.66,1.576,3.82
PUMP_A,2026-02-28 08:22:55,82.35,4.142,2.43
PUMP_B,2026-02-28 08:22:55,69.84,1.838,4.43
MOTOR_C,2026-02-28 08:22:55,66.97,1.382,3.82
COMPRESSOR_D,2026-02-28 08:22:55,63.53,1.636,3.67
PUMP_A,2026-02-28 08:22:57,86.01,3.892,2.71
PUMP_B,2026-02-28 08:22:57,71.23,2.136,4.23
MOTOR_C,2026-02-28 08:22:57,73.95,1.906,4.6
COMPRESSOR_D,2026-02-28 08:22:57,68.44,1.819,4.15
PUMP_A,2026-02-28 08:22:59,94.46,4.443,2.67
PUMP_B,2026-02-28 08:22:59,69.07,1.687,3.99
MOTOR_C,2026-02-28 08:22:59,66.7,1.544,4.46
COMPRESSOR_D,2026-02-28 08:22:59,66.55,1.662,3.78
PUMP_A,2026-02-28 08:23:01,86.66,3.834,2.23
PUMP_B,2026-02-28 08:23:01,63.94,1.674,3.67
MOTOR_C,2026-02-28 08:23:01,71.33,1.413,3.8
COMPRESSOR_D,2026-02-28 08:23:01,64.5,1.725,3.71
PUMP_A,2026-02-28 08:23:03,89.48,4.767,2.94
PUMP_B,2026-02-28 08:23:03,72.51,2.059,4.3
MOTOR_C,2026-02-28 08:23:03,62.31,1.556,4.68
COMPRESSOR_D,2026-02-28 08:23:03,62.07,1.95,3.7
PUMP_A,2026-02-28 08:23:05,93.26,4.71,2.08
PUMP_B,2026-02-28 08:23:05,62.12,1.177,3.9
MOTOR_C,2026-02-28 08:23:05,65.6,1.773,4.29
COMPRESSOR_D,2026-02-28 08:23:05,71.24,1.953,4.12
PUMP_A,2026-02-28 08:23:07,93.0,3.374,2.63
PUMP_B,2026-02-28 08:23:07,71.25,2.153,4.26
MOTOR_C,2026-02-28 08:23:07,63.54,2.183,3.66
COMPRESSOR_D,2026-02-28 08:23:07,71.77,2.023,4.53
PUMP_A,2026-02-28 08:23:08,86.56,4.528,2.54
PUMP_B,2026-02-28 08:23:08,68.76,2.387,3.86
MOTOR_C,2026-02-28 08:23:08,69.77,2.054,4.33
COMPRESSOR_D,2026-02-28 08:23:08,63.01,1.5,4.55
PUMP_A,2026-02-28 08:23:10,90.8,4.467,2.05
PUMP_B,2026-02-28 08:23:10,65.07,1.576,4.08
MOTOR_C,2026-02-28 08:23:10,65.68,2.268,4.22
COMPRESSOR_D,2026-02-28 08:23:10,73.03,1.963,3.71
PUMP_A,2026-02-28 08:23:12,91.66,4.605,2.99
PUMP_B,2026-02-28 08:23:12,62.58,2.154,4.77
MOTOR_C,2026-02-28 08:23:12,64.74,1.74,4.23
COMPRESSOR_D,2026-02-28 08:23:12,63.05,1.839,4.31
PUMP_A,2026-02-28 08:23:14,89.51,4.114,2.34
PUMP_B,2026-02-28 08:23:14,67.6,2.046,4.76
MOTOR_C,2026-02-28 08:23:14,70.88,1.547,4.11
COMPRESSOR_D,2026-02-28 08:23:14,64.47,1.835,4.61
PUMP_A,2026-02-28 08:23:16,94.87,3.409,2.39
PUMP_B,2026-02-28 08:23:16,70.57,2.095,4.06
MOTOR_C,2026-02-28 08:23:16,72.02,1.834,4.39
COMPRESSOR_D,2026-02-28 08:23:16,62.91,1.707,4.13
PUMP_A,2026-02-28 08:23:18,88.76,4.38,2.3
PUMP_B,2026-02-28 08:23:18,73.38,1.277,4.68
MOTOR_C,2026-02-28 08:23:18,71.0,2.325,4.22
COMPRESSOR_D,2026-02-28 08:23:18,65.79,1.724,4.33
PUMP_A,2026-02-28 08:23:20,92.64,4.307,2.26
PUMP_B,2026-02-28 08:23:20,72.95,2.267,4.6
MOTOR_C,2026-02-28 08:23:20,73.54,1.6,3.9
COMPRESSOR_D,2026-02-28 08:23:20,66.19,2.22,4.1
PUMP_A,2026-02-28 08:23:22,85.71,4.562,2.48
PUMP_B,2026-02-28 08:23:22,62.88,1.704,3.93
MOTOR_C,2026-02-28 08:23:22,69.46,1.58,3.8
COMPRESSOR_D,2026-02-28 08:23:22,69.65,1.32,3.79
PUMP_A,2026-02-28 08:23:24,88.93,4.422,2.68
PUMP_B,2026-02-28 08:23:24,62.11,2.139,4.37
MOTOR_C,2026-02-28 08:23:24,73.14,1.337,3.64
COMPRESSOR_D,2026-02-28 08:23:24,65.28,1.186,3.78
PUMP_A,2026-02-28 08:23:26,82.04,4.563,2.72
PUMP_B,2026-02-28 08:23:26,65.35,1.524,4.71
MOTOR_C,2026-02-28 08:23:26,67.23,1.916,4.37
COMPRESSOR_D,2026-02-28 08:23:26,62.95,1.831,3.83
PUMP_A,2026-02-28 08:23:28,94.49,4.075,2.5
PUMP_B,2026-02-28 08:23:28,72.32,1.421,4.24
MOTOR_C,2026-02-28 08:23:28,65.3,1.604,4.78
COMPRESSOR_D,2026-02-28 08:23:28,71.35,1.523,4.43
PUMP_A,2026-02-28 08:23:30,85.75,3.799,2.11
PUMP_B,2026-02-28 08:23:30,66.61,2.155,4.21
MOTOR_C,2026-02-28 08:23:30,64.89,1.156,4.26
COMPRESSOR_D,2026-02-28 08:23:30,63.61,1.955,4.15
PUMP_A,2026-02-28 08:23:32,90.46,4.024,2.01
PUMP_B,2026-02-28 08:23:32,63.99,1.042,4.45
MOTOR_C,2026-02-28 08:23:32,72.51,1.344,4.65
COMPRESSOR_D,2026-02-28 08:23:32,65.1,1.011,4.1
PUMP_A,2026-02-28 08:23:34,83.88,4.468,2.63
PUMP_B,2026-02-28 08:23:34,68.58,2.35,4.52
MOTOR_C,2026-02-28 08:23:34,67.52,1.668,4.34
COMPRESSOR_D,2026-02-28 08:23:34,67.08,2.051,4.45
PUMP_A,2026-02-28 08:23:36,84.38,3.655,2.3
PUMP_B,2026-02-28 08:23:36,71.86,1.985,4.63
MOTOR_C,2026-02-28 08:23:36,64.21,1.62,3.97
COMPRESSOR_D,2026-02-28 08:23:36,65.31,1.739,4.58
PUMP_A,2026-02-28 08:23:38,84.18,3.473,2.87
PUMP_B,2026-02-28 08:23:38,64.93,1.011,3.86
MOTOR_C,2026-02-28 08:23:38,70.2,1.868,4.05
COMPRESSOR_D,2026-02-28 08:23:38,65.85,2.082,4.03
PUMP_A,2026-02-28 08:23:39,91.54,3.258,2.08
PUMP_B,2026-02-28 08:23:39,69.56,1.78,4.64
MOTOR_C,2026-02-28 08:23:39,66.27,2.034,3.83
COMPRESSOR_D,2026-02-28 08:23:39,68.98,1.535,3.68
PUMP_A,2026-02-28 08:23:41,83.0,4.543,2.11
PUMP_B,2026-02-28 08:23:41,62.18,1.376,3.67
MOTOR_C,2026-02-28 08:23:41,65.02,1.489,3.9
COMPRESSOR_D,2026-02-28 08:23:41,68.98,1.133,3.6
PUMP_A,2026-02-28 08:23:43,83.27,4.312,2.75
PUMP_B,2026-02-28 08:23:43,72.53,1.385,3.77
MOTOR_C,2026-02-28 08:23:43,64.0,1.899,4.51
COMPRESSOR_D,2026-02-28 08:23:43,65.39,1.465,4.23
PUMP_A,2026-02-28 08:23:45,84.13,4.378,2.53
PUMP_B,2026-02-28 08:23:45,71.31,1.909,4.18
MOTOR_C,2026-02-28 08:23:45,64.31,2.097,3.7
COMPRESSOR_D,2026-02-28 08:23:45,63.42,1.279,4.11
PUMP_A,2026-02-28 08:23:47,91.76,4.799,2.4
PUMP_B,2026-02-28 08:23:47,64.9,2.395,3.96
MOTOR_C,2026-02-28 08:23:47,67.43,2.112,4.51
COMPRESSOR_D,2026-02-28 08:23:47,64.94,1.715,4.75
PUMP_A,2026-02-28 08:23:49,88.9,4.458,2.24
PUMP_B,2026-02-28 08:23:49,65.0,2.09,4.15
MOTOR_C,2026-02-28 08:23:49,71.98,1.324,4.33
COMPRESSOR_D,2026-02-28 08:23:49,66.71,1.869,3.77
PUMP_A,2026-02-28 08:23:51,83.31,3.682,2.34
PUMP_B,2026-02-28 08:23:51,69.63,1.91,4.49
MOTOR_C,2026-02-28 08:23:51,65.66,1.398,4.55
COMPRESSOR_D,2026-02-28 08:23:51,65.48,1.076,4.7
PUMP_A,2026-02-28 08:23:53,93.66,4.671,2.42
PUMP_B,2026-02-28 08:23:53,70.65,1.543,3.89
MOTOR_C,2026-02-28 08:23:53,72.27,1.425,4.57
COMPRESSOR_D,2026-02-28 08:23:53,66.91,1.338,4.11
PUMP_A,2026-02-28 08:23:55,82.17,4.758,2.12
PUMP_B,2026-02-28 08:23:55,65.0,1.118,3.63
MOTOR_C,2026-02-28 08:23:55,62.83,2.373,4.36
COMPRESSOR_D,2026-02-28 08:23:55,64.26,1.682,3.62
PUMP_A,2026-02-28 08:23:57,86.55,3.223,2.72
PUMP_B,2026-02-28 08:23:57,67.78,2.351,4.72
MOTOR_C,2026-02-28 08:23:57,62.81,1.018,4.32
COMPRESSOR_D,2026-02-28 08:23:57,68.4,1.668,4.04
PUMP_A,2026-02-28 08:23:59,93.07,3.848,2.09
PUMP_B,2026-02-28 08:23:59,71.17,1.23,4.75
MOTOR_C,2026-02-28 08:23:59,71.48,1.026,4.7
COMPRESSOR_D,2026-02-28 08:23:59,64.48,1.185,4.71
PUMP_A,2026-02-28 08:24:01,89.35,4.361,2.92
PUMP_B,2026-02-28 08:24:01,65.56,1.732,4.31
MOTOR_C,2026-02-28 08:24:01,63.81,1.431,3.68
COMPRESSOR_D,2026-02-28 08:24:01,63.41,1.723,3.9
PUMP_A,2026-02-28 08:24:03,94.02,3.414,2.21
PUMP_B,2026-02-28 08:24:03,68.4,2.324,4.14
MOTOR_C,2026-02-28 08:24:03,64.03,1.673,3.99
COMPRESSOR_D,2026-02-28 08:24:03,62.83,1.507,4.73
PUMP_A,2026-02-28 08:24:05,88.82,4.604,2.96
PUMP_B,2026-02-28 08:24:05,69.02,1.215,3.8
MOTOR_C,2026-02-28 08:24:05,63.24,1.78,3.76
COMPRESSOR_D,2026-02-28 08:24:05,73.31,1.367,4.52
PUMP_A,2026-02-28 08:24:07,89.92,3.213,2.01
PUMP_B,2026-02-28 08:24:07,69.59,2.148,4.35
MOTOR_C,2026-02-28 08:24:07,62.8,1.676,4.05
COMPRESSOR_D,2026-02-28 08:24:07,73.87,2.397,3.84
PUMP_A,2026-02-28 08:24:09,87.26,3.973,2.65
PUMP_B,2026-02-28 08:24:09,62.76,1.282,3.9
MOTOR_C,2026-02-28 08:24:09,63.55,1.51,4.66
COMPRESSOR_D,2026-02-28 08:24:09,69.76,2.296,4.02
PUMP_A,2026-02-28 08:24:10,82.81,3.548,2.72
PUMP_B,2026-02-28 08:24:10,64.91,2.175,4.48
MOTOR_C,2026-02-28 08:24:10,72.42,1.86,3.98
COMPRESSOR_D,2026-02-28 08:24:10,68.17,2.208,3.79
PUMP_A,2026-02-28 08:24:12,82.72,4.035,2.96
PUMP_B,2026-02-28 08:24:12,73.76,1.8,4.24
MOTOR_C,2026-02-28 08:24:12,64.41,2.229,4.17
COMPRESSOR_D,2026-02-28 08:24:12,65.21,1.607,4.01
PUMP_A,2026-02-28 08:24:14,93.75,4.186,2.33
PUMP_B,2026-02-28 08:24:14,69.61,1.578,3.67
MOTOR_C,2026-02-28 08:24:14,64.08,2.299,3.89
COMPRESSOR_D,2026-02-28 08:24:14,72.21,1.758,4.71
PUMP_A,2026-02-28 08:24:16,82.5,3.499,2.93
PUMP_B,2026-02-28 08:24:16,71.0,2.187,4.63
MOTOR_C,2026-02-28 08:24:16,65.35,1.032,4.47
COMPRESSOR_D,2026-02-28 08:24:16,69.53,2.325,4.4
PUMP_A,2026-02-28 08:24:18,89.94,4.426,2.07
PUMP_B,2026-02-28 08:24:18,69.44,1.717,3.82
MOTOR_C,2026-02-28 08:24:18,67.9,1.862,3.63
COMPRESSOR_D,2026-02-28 08:24:18,68.51,2.183,4.1
PUMP_A,2026-02-28 08:24:20,82.64,4.461,2.44
PUMP_B,2026-02-28 08:24:20,73.49,1.517,4.57
MOTOR_C,2026-02-28 08:24:20,66.91,1.65,4.75
COMPRESSOR_D,2026-02-28 08:24:20,73.9,1.168,4.54
PUMP_A,2026-02-28 08:24:22,87.88,4.4,2.74
PUMP_B,2026-02-28 08:24:22,63.92,2.041,4.46
MOTOR_C,2026-02-28 08:24:22,72.42,1.746,3.84
COMPRESSOR_D,2026-02-28 08:24:22,70.61,2.177,4.56
PUMP_A,2026-02-28 08:24:24,88.25,4.068,2.86
PUMP_B,2026-02-28 08:24:24,68.92,2.08,3.61
MOTOR_C,2026-02-28 08:24:24,67.28,1.154,4.69
COMPRESSOR_D,2026-02-28 08:24:24,65.71,1.12,3.96
PUMP_A,2026-02-28 08:24:26,93.96,4.53,2.92
PUMP_B,2026-02-28 08:24:26,71.64,1.621,4.78
MOTOR_C,2026-02-28 08:24:26,64.42,1.307,4.1
COMPRESSOR_D,2026-02-28 08:24:26,64.76,2.199,3.61
PUMP_A,2026-02-28 08:24:28,91.25,4.378,2.6
PUMP_B,2026-02-28 08:24:28,71.43,1.481,3.61
MOTOR_C,2026-02-28 08:24:28,65.34,1.817,4.71
COMPRESSOR_D,2026-02-28 08:24:28,65.84,1.367,4.73
PUMP_A,2026-02-28 08:24:30,87.24,3.728,2.19
PUMP_B,2026-02-28 08:24:30,67.75,1.516,3.78
MOTOR_C,2026-02-28 08:24:30,70.93,1.314,3.88
COMPRESSOR_D,2026-02-28 08:24:30,66.75,1.651,4.25
PUMP_A,2026-02-28 08:24:32,90.85,3.509,2.38
PUMP_B,2026-02-28 08:24:32,64.46,1.252,4.05
MOTOR_C,2026-02-28 08:24:32,62.38,1.41,3.65
COMPRESSOR_D,2026-02-28 08:24:32,66.88,1.229,3.74
PUMP_A,2026-02-28 08:24:34,87.32,3.94,2.39
PUMP_B,2026-02-28 08:24:34,70.1,2.373,4.3
MOTOR_C,2026-02-28 08:24:34,71.8,2.131,4.68
COMPRESSOR_D,2026-02-28 08:24:34,73.21,1.755,4.19
PUMP_A,2026-02-28 08:24:36,91.52,4.155,2.02
PUMP_B,2026-02-28 08:24:36,68.28,1.253,4.04
MOTOR_C,2026-02-28 08:24:36,69.95,1.217,4.05
COMPRESSOR_D,2026-02-28 08:24:36,66.96,1.866,3.9
PUMP_A,2026-02-28 08:24:38,92.37,4.136,2.7
PUMP_B,2026-02-28 08:24:38,63.3,2.054,4.3
MOTOR_C,2026-02-28 08:24:38,67.99,1.249,4.18
COMPRESSOR_D,2026-02-28 08:24:38,69.78,1.596,4.37
PUMP_A,2026-02-28 08:24:40,88.99,3.891,2.76
PUMP_B,2026-02-28 08:24:40,68.38,1.9,4.43
MOTOR_C,2026-02-28 08:24:40,66.52,2.2,3.73
COMPRESSOR_D,2026-02-28 08:24:40,69.19,1.794,4.2
PUMP_A,2026-02-28 08:24:41,85.9,4.469,2.61
PUMP_B,2026-02-28 08:24:41,72.73,2.368,4.2
MOTOR_C,2026-02-28 08:24:41,72.31,1.006,3.61
COMPRESSOR_D,2026-02-28 08:24:41,70.58,1.9,3.84
PUMP_A,2026-02-28 08:24:43,91.14,4.738,2.43
PUMP_B,2026-02-28 08:24:43,70.45,1.655,4.59
MOTOR_C,2026-02-28 08:24:43,67.83,1.047,3.78
COMPRESSOR_D,2026-02-28 08:24:43,71.19,1.122,4.18
PUMP_A,2026-02-28 08:24:45,89.78,4.276,2.19
PUMP_B,2026-02-28 08:24:45,69.29,1.556,4.72
MOTOR_C,2026-02-28 08:24:45,66.66,1.735,3.67
COMPRESSOR_D,2026-02-28 08:24:45,67.76,2.217,4.08
PUMP_A,2026-02-28 08:24:47,83.71,4.178,2.84
PUMP_B,2026-02-28 08:24:47,68.98,1.091,4.46
MOTOR_C,2026-02-28 08:24:47,71.41,1.718,4.65
COMPRESSOR_D,2026-02-28 08:24:47,71.32,1.528,4.47
PUMP_A,2026-02-28 08:24:49,91.71,4.568,2.24
PUMP_B,2026-02-28 08:24:49,72.32,1.653,3.86
MOTOR_C,2026-02-28 08:24:49,63.71,2.281,4.52
COMPRESSOR_D,2026-02-28 08:24:49,71.02,2.148,3.91
PUMP_A,2026-02-28 08:24:51,94.26,4.388,2.35
PUMP_B,2026-02-28 08:24:51,66.29,1.53,4.28
MOTOR_C,2026-02-28 08:24:51,73.56,1.23,4.61
COMPRESSOR_D,2026-02-28 08:24:51,72.67,1.651,4.72
PUMP_A,2026-02-28 08:24:53,85.27,3.99,2.9
PUMP_B,2026-02-28 08:24:53,66.16,1.143,3.75
MOTOR_C,2026-02-28 08:24:53,70.02,1.82,4.55
COMPRESSOR_D,2026-02-28 08:24:53,73.04,2.285,4.32
PUMP_A,2026-02-28 08:24:55,94.36,3.769,2.85
PUMP_B,2026-02-28 08:24:55,73.89,1.532,3.76
MOTOR_C,2026-02-28 08:24:55,70.69,2.38,4.51
COMPRESSOR_D,2026-02-28 08:24:55,68.03,1.454,4.1
PUMP_A,2026-02-28 08:24:57,90.26,3.32,2.49
PUMP_B,2026-02-28 08:24:57,62.95,1.183,4.74
MOTOR_C,2026-02-28 08:24:57,62.62,1.657,3.95
COMPRESSOR_D,2026-02-28 08:24:57,66.33,1.404,3.74
PUMP_A,2026-02-28 08:24:59,84.73,4.555,2.4
PUMP_B,2026-02-28 08:24:59,67.98,1.594,4.75
MOTOR_C,2026-02-28 08:24:59,66.28,1.168,4.78
COMPRESSOR_D,2026-02-28 08:24:59,63.98,1.5,4.46
PUMP_A,2026-02-28 08:25:01,89.38,4.087,2.57
PUMP_B,2026-02-28 08:25:01,71.52,1.52,4.13
MOTOR_C,2026-02-28 08:25:01,66.22,1.223,3.64
COMPRESSOR_D,2026-02-28 08:25:01,72.46,2.23,4.39
PUMP_A,2026-02-28 08:25:03,83.89,4.386,2.88
PUMP_B,2026-02-28 08:25:03,64.72,2.083,3.92
MOTOR_C,2026-02-28 08:25:03,69.74,1.479,3.81
COMPRESSOR_D,2026-02-28 08:25:03,62.48,2.189,3.69
PUMP_A,2026-02-28 08:25:05,92.74,4.08,2.14
PUMP_B,2026-02-28 08:25:05,67.32,2.37,3.73
MOTOR_C,2026-02-28 08:25:05,73.57,2.301,3.94
COMPRESSOR_D,2026-02-28 08:25:05,69.61,2.221,3.88
PUMP_A,2026-02-28 08:25:07,91.9,3.375,2.05
PUMP_B,2026-02-28 08:25:07,67.61,1.877,4.15
MOTOR_C,2026-02-28 08:25:07,69.19,1.374,4.38
COMPRESSOR_D,2026-02-28 08:25:07,70.45,1.877,4.06
PUMP_A,2026-02-28 08:25:09,84.61,3.571,2.88
PUMP_B,2026-02-28 08:25:09,72.81,1.674,4.03
MOTOR_C,2026-02-28 08:25:09,62.52,2.243,4.54
COMPRESSOR_D,2026-02-28 08:25:09,62.64,1.073,4.67
PUMP_A,2026-02-28 08:25:11,94.31,4.316,2.43
PUMP_B,2026-02-28 08:25:11,66.44,1.399,3.98
MOTOR_C,2026-02-28 08:25:11,63.07,1.36,4.55
COMPRESSOR_D,2026-02-28 08:25:11,68.65,2.156,3.73
PUMP_A,2026-02-28 08:25:12,89.44,4.26,2.22
PUMP_B,2026-02-28 08:25:12,67.28,1.722,4.6
MOTOR_C,2026-02-28 08:25:12,66.72,1.2,3.78
COMPRESSOR_D,2026-02-28 08:25:12,69.22,1.811,4.06
PUMP_A,2026-02-28 08:25:14,82.66,4.725,2.97
PUMP_B,2026-02-28 08:25:14,73.89,1.756,4.32
MOTOR_C,2026-02-28 08:25:14,62.87,2.16,3.68
COMPRESSOR_D,2026-02-28 08:25:14,65.59,1.022,3.92
PUMP_A,2026-02-28 08:25:16,87.02,4.052,2.93
PUMP_B,2026-02-28 08:25:16,72.87,1.091,3.73
MOTOR_C,2026-02-28 08:25:16,69.95,2.241,3.7
COMPRESSOR_D,2026-02-28 08:25:16,66.96,1.672,3.85
PUMP_A,2026-02-28 08:25:18,92.76,3.466,2.65
PUMP_B,2026-02-28 08:25:18,62.09,2.239,4.49
MOTOR_C,2026-02-28 08:25:18,65.96,1.068,4.3
COMPRESSOR_D,2026-02-28 08:25:18,71.79,2.318,4.37
PUMP_A,2026-02-28 08:25:20,94.27,3.463,2.55
PUMP_B,2026-02-28 08:25:20,62.96,1.759,4.66
MOTOR_C,2026-02-28 08:25:20,72.8,2.109,4.4
COMPRESSOR_D,2026-02-28 08:25:20,71.29,1.007,3.75
PUMP_A,2026-02-28 08:25:22,85.42,4.465,2.26
PUMP_B,2026-02-28 08:25:22,73.13,2.333,4.55
MOTOR_C,2026-02-28 08:25:22,69.37,1.798,4.02
COMPRESSOR_D,2026-02-28 08:25:22,70.22,1.331,4.01
PUMP_A,2026-02-28 08:25:24,91.94,4.104,2.11
PUMP_B,2026-02-28 08:25:24,64.53,1.629,4.67
MOTOR_C,2026-02-28 08:25:24,68.28,2.067,4.27
COMPRESSOR_D,2026-02-28 08:25:24,73.55,1.511,3.85
PUMP_A,2026-02-28 08:25:26,85.21,4.11,2.98
PUMP_B,2026-02-28 08:25:26,66.53,1.174,4.49
MOTOR_C,2026-02-28 08:25:26,73.86,1.104,3.76
COMPRESSOR_D,2026-02-28 08:25:26,65.38,2.051,3.98
PUMP_A,2026-02-28 08:25:28,82.96,4.096,2.32
PUMP_B,2026-02-28 08:25:28,71.69,1.658,3.95
MOTOR_C,2026-02-28 08:25:28,71.75,1.165,3.74
COMPRESSOR_D,2026-02-28 08:25:28,70.8,1.931,4.4
PUMP_A,2026-02-28 08:25:30,93.31,3.915,2.66
PUMP_B,2026-02-28 08:25:30,72.89,2.326,4.46
MOTOR_C,2026-02-28 08:25:30,69.07,1.343,4.41
COMPRESSOR_D,2026-02-28 08:25:30,66.81,1.958,4.32
PUMP_A,2026-02-28 08:25:32,90.39,4.537,2.48
PUMP_B,2026-02-28 08:25:32,67.48,1.0,4.1
MOTOR_C,2026-02-28 08:25:32,62.65,2.052,4.56
COMPRESSOR_D,2026-02-28 08:25:32,71.25,1.916,4.54
PUMP_A,2026-02-28 08:25:34,94.69,4.412,2.28
PUMP_B,2026-02-28 08:25:34,71.0,1.571,4.37
MOTOR_C,2026-02-28 08:25:34,69.47,2.185,4.36
COMPRESSOR_D,2026-02-28 08:25:34,68.87,1.382,4.2
PUMP_A,2026-02-28 08:25:36,89.36,3.568,2.07
PUMP_B,2026-02-28 08:25:36,67.93,1.542,3.78
MOTOR_C,2026-02-28 08:25:36,66.89,1.313,4.67
COMPRESSOR_D,2026-02-28 08:25:36,70.47,2.008,3.73
PUMP_A,2026-02-28 08:25:38,83.33,3.363,2.99
PUMP_B,2026-02-28 08:25:38,72.93,1.602,4.27
MOTOR_C,2026-02-28 08:25:38,65.12,1.319,4.1
COMPRESSOR_D,2026-02-28 08:25:38,63.5,2.232,4.36
PUMP_A,2026-02-28 08:25:40,94.5,4.426,2.89
PUMP_B,2026-02-28 08:25:40,65.91,1.309,4.8
MOTOR_C,2026-02-28 08:25:40,69.84,1.783,4.09
COMPRESSOR_D,2026-02-28 08:25:40,72.13,1.073,3.92
PUMP_A,2026-02-28 08:25:42,90.61,4.694,2.15
PUMP_B,2026-02-28 08:25:42,72.56,1.192,4.69
MOTOR_C,2026-02-28 08:25:42,64.59,1.401,4.24
COMPRESSOR_D,2026-02-28 08:25:42,72.9,1.064,4.35
PUMP_A,2026-02-28 08:25:44,85.81,4.181,2.5
PUMP_B,2026-02-28 08:25:44,72.61,1.453,3.73
MOTOR_C,2026-02-28 08:25:44,71.21,1.943,4.49
COMPRESSOR_D,2026-02-28 08:25:44,72.56,1.997,3.85
PUMP_A,2026-02-28 08:25:46,94.66,3.749,2.65
PUMP_B,2026-02-28 08:25:46,66.34,2.302,3.77
MOTOR_C,2026-02-28 08:25:46,65.58,1.711,3.96
COMPRESSOR_D,2026-02-28 08:25:46,65.69,1.896,4.68
PUMP_A,2026-02-28 08:25:48,87.89,3.679,2.83
PUMP_B,2026-02-28 08:25:48,65.04,1.514,4.2
MOTOR_C,2026-02-28 08:25:48,64.67,1.187,3.98
COMPRESSOR_D,2026-02-28 08:25:48,65.66,1.847,4.13
PUMP_A,2026-02-28 08:25:50,88.61,4.332,2.59
PUMP_B,2026-02-28 08:25:50,73.16,2.182,3.91
MOTOR_C,2026-02-28 08:25:50,70.62,1.308,4.5
COMPRESSOR_D,2026-02-28 08:25:50,73.22,1.624,3.65
PUMP_A,2026-02-28 08:25:52,87.25,4.383,2.79
PUMP_B,2026-02-28 08:25:52,71.9,1.416,4.67
MOTOR_C,2026-02-28 08:25:52,71.63,1.738,3.83
COMPRESSOR_D,2026-02-28 08:25:52,64.27,1.196,4.57
PUMP_A,2026-02-28 08:25:54,90.1,3.981,2.24
PUMP_B,2026-02-28 08:25:54,68.89,2.1,4.54
MOTOR_C,2026-02-28 08:25:54,64.29,1.953,4.59
COMPRESSOR_D,2026-02-28 08:25:54,63.12,1.701,3.95
PUMP_A,2026-02-28 08:25:56,84.32,4.003,2.48
PUMP_B,2026-02-28 08:25:56,62.24,2.188,4.44
MOTOR_C,2026-02-28 08:25:56,69.56,2.399,3.67
COMPRESSOR_D,2026-02-28 08:25:56,63.82,2.009,4.13
PUMP_A,2026-02-28 08:25:58,91.85,3.987,2.53
PUMP_B,2026-02-28 08:25:58,72.01,1.274,4.42
MOTOR_C,2026-02-28 08:25:58,70.78,2.166,4.67
COMPRESSOR_D,2026-02-28 08:25:58,63.27,1.644,3.78
PUMP_A,2026-02-28 08:25:59,87.66,4.321,2.53
PUMP_B,2026-02-28 08:25:59,71.55,1.025,3.85
MOTOR_C,2026-02-28 08:25:59,69.16,1.714,4.48
COMPRESSOR_D,2026-02-28 08:25:59,69.14,1.248,4.51
PUMP_A,2026-02-28 08:26:01,90.57,3.611,2.0
PUMP_B,2026-02-28 08:26:01,66.28,1.221,3.69
MOTOR_C,2026-02-28 08:26:01,67.97,1.057,4.39
COMPRESSOR_D,2026-02-28 08:26:01,64.43,1.492,3.93
PUMP_A,2026-02-28 08:26:03,89.35,4.064,2.85
PUMP_B,2026-02-28 08:26:03,62.88,1.608,3.64
MOTOR_C,2026-02-28 08:26:03,65.41,2.289,4.48
COMPRESSOR_D,2026-02-28 08:26:03,63.6,1.267,4.36
PUMP_A,2026-02-28 08:26:05,90.01,3.706,2.45
PUMP_B,2026-02-28 08:26:05,68.82,1.855,4.2
MOTOR_C,2026-02-28 08:26:05,62.61,1.426,4.51
COMPRESSOR_D,2026-02-28 08:26:05,69.15,1.711,3.82
PUMP_A,2026-02-28 08:26:07,83.64,3.567,2.05
PUMP_B,2026-02-28 08:26:07,64.19,1.713,3.63
MOTOR_C,2026-02-28 08:26:07,69.87,1.483,4.31
COMPRESSOR_D,2026-02-28 08:26:07,70.24,1.819,4.25
PUMP_A,2026-02-28 08:26:09,90.19,3.951,2.41
PUMP_B,2026-02-28 08:26:09,62.94,2.392,4.02
MOTOR_C,2026-02-28 08:26:09,64.29,1.665,3.84
COMPRESSOR_D,2026-02-28 08:26:09,63.5,1.308,4.53
PUMP_A,2026-02-28 08:26:11,93.26,3.446,2.45
PUMP_B,2026-02-28 08:26:11,69.66,2.131,3.97
MOTOR_C,2026-02-28 08:26:11,71.08,1.525,3.8
COMPRESSOR_D,2026-02-28 08:26:11,63.09,1.387,3.96
PUMP_A,2026-02-28 08:26:13,90.9,3.501,2.15
PUMP_B,2026-02-28 08:26:13,71.17,2.359,3.66
MOTOR_C,2026-02-28 08:26:13,72.74,2.108,4.23
COMPRESSOR_D,2026-02-28 08:26:13,62.73,1.431,4.36
PUMP_A,2026-02-28 08:26:15,94.95,3.965,2.2
PUMP_B,2026-02-28 08:26:15,70.13,1.654,4.66
MOTOR_C,2026-02-28 08:26:15,71.95,1.946,4.58
COMPRESSOR_D,2026-02-28 08:26:15,71.87,2.023,4.76
PUMP_A,2026-02-28 08:26:17,83.9,3.721,2.66
PUMP_B,2026-02-28 08:26:17,70.17,1.946,4.72
MOTOR_C,2026-02-28 08:26:17,63.75,1.795,3.89
COMPRESSOR_D,2026-02-28 08:26:17,63.76,2.371,4.78
PUMP_A,2026-02-28 08:26:19,87.21,4.463,2.49
PUMP_B,2026-02-28 08:26:19,69.21,2.308,3.6
MOTOR_C,2026-02-28 08:26:19,73.01,2.073,3.62
COMPRESSOR_D,2026-02-28 08:26:19,65.49,2.162,4.36
PUMP_A,2026-02-28 08:26:21,85.7,4.23,2.81
PUMP_B,2026-02-28 08:26:21,69.66,2.022,4.36
MOTOR_C,2026-02-28 08:26:21,72.23,1.188,3.93
COMPRESSOR_D,2026-02-28 08:26:21,66.37,1.964,4.48
PUMP_A,2026-02-28 08:26:23,88.68,3.741,2.02
PUMP_B,2026-02-28 08:26:23,62.96,2.118,4.09
MOTOR_C,2026-02-28 08:26:23,69.95,2.398,3.65
COMPRESSOR_D,2026-02-28 08:26:23,64.46,1.412,4.71
PUMP_A,2026-02-28 08:26:25,91.09,3.479,2.02
PUMP_B,2026-02-28 08:26:25,64.98,1.888,4.47
MOTOR_C,2026-02-28 08:26:25,71.33,1.94,4.73
COMPRESSOR_D,2026-02-28 08:26:25,66.11,1.078,3.69
PUMP_A,2026-02-28 08:26:27,89.59,4.449,2.8
PUMP_B,2026-02-28 08:26:27,62.4,1.97,4.33
MOTOR_C,2026-02-28 08:26:27,66.66,1.627,3.79
COMPRESSOR_D,2026-02-28 08:26:27,64.91,2.323,4.56
PUMP_A,2026-02-28 08:26:29,88.29,3.308,2.49
PUMP_B,2026-02-28 08:26:29,73.93,1.626,4.16
MOTOR_C,2026-02-28 08:26:29,68.26,1.802,4.07
COMPRESSOR_D,2026-02-28 08:26:29,66.72,1.168,3.73
PUMP_A,2026-02-28 08:26:30,92.62,4.499,2.47
PUMP_B,2026-02-28 08:26:30,64.81,2.142,3.86
MOTOR_C,2026-02-28 08:26:30,64.13,1.242,3.7
COMPRESSOR_D,2026-02-28 08:26:30,73.25,1.124,3.98
PUMP_A,2026-02-28 08:26:32,91.12,4.059,2.5
PUMP_B,2026-02-28 08:26:32,71.17,1.848,3.91
MOTOR_C,2026-02-28 08:26:32,73.16,1.346,3.9
COMPRESSOR_D,2026-02-28 08:26:32,72.87,2.268,4.64
PUMP_A,2026-02-28 08:26:34,84.39,3.934,2.3
PUMP_B,2026-02-28 08:26:34,71.29,1.401,3.82
MOTOR_C,2026-02-28 08:26:34,65.16,1.269,4.31
COMPRESSOR_D,2026-02-28 08:26:34,68.33,1.827,4.61
PUMP_A,2026-02-28 08:26:36,83.17,4.319,2.36
PUMP_B,2026-02-28 08:26:36,64.57,1.787,4.26
MOTOR_C,2026-02-28 08:26:36,69.35,1.092,4.78
COMPRESSOR_D,2026-02-28 08:26:36,64.06,1.433,3.66
PUMP_A,2026-02-28 08:26:38,92.63,4.533,2.24
PUMP_B,2026-02-28 08:26:38,64.26,1.956,3.65
MOTOR_C,2026-02-28 08:26:38,63.79,2.099,4.45
COMPRESSOR_D,2026-02-28 08:26:38,64.37,1.66,3.97
PUMP_A,2026-02-28 08:26:40,90.29,3.533,3.0
PUMP_B,2026-02-28 08:26:40,70.8,2.284,4.29
MOTOR_C,2026-02-28 08:26:40,63.62,2.102,4.18
COMPRESSOR_D,2026-02-28 08:26:40,70.25,1.089,4.33
PUMP_A,2026-02-28 08:26:42,86.05,3.568,2.93
PUMP_B,2026-02-28 08:26:42,72.27,1.163,3.98
MOTOR_C,2026-02-28 08:26:42,68.14,2.188,4.25
COMPRESSOR_D,2026-02-28 08:26:42,71.9,1.498,4.52
PUMP_A,2026-02-28 08:26:44,88.6,4.074,2.55
PUMP_B,2026-02-28 08:26:44,65.11,2.106,4.37
MOTOR_C,2026-02-28 08:26:44,72.38,2.05,3.75
COMPRESSOR_D,2026-02-28 08:26:44,66.42,1.89,3.65
PUMP_A,2026-02-28 08:26:46,90.65,3.253,2.25
PUMP_B,2026-02-28 08:26:46,68.22,1.153,3.66
MOTOR_C,2026-02-28 08:26:46,72.94,1.284,4.71
COMPRESSOR_D,2026-02-28 08:26:46,66.66,2.178,4.33
PUMP_A,2026-02-28 08:26:48,94.34,4.219,2.85
PUMP_B,2026-02-28 08:26:48,62.18,2.221,4.37
MOTOR_C,2026-02-28 08:26:48,65.92,2.14,3.98
COMPRESSOR_D,2026-02-28 08:26:48,68.71,1.964,4.27
PUMP_A,2026-02-28 08:26:50,90.91,3.452,2.84
PUMP_B,2026-02-28 08:26:50,63.25,1.774,4.11
MOTOR_C,2026-02-28 08:26:50,66.04,1.723,4.03
COMPRESSOR_D,2026-02-28 08:26:50,70.15,2.382,4.25
PUMP_A,2026-02-28 08:26:52,92.51,3.255,2.17
PUMP_B,2026-02-28 08:26:52,66.02,2.164,4.32
MOTOR_C,2026-02-28 08:26:52,66.54,2.035,3.8
COMPRESSOR_D,2026-02-28 08:26:52,72.34,1.343,4.31
PUMP_A,2026-02-28 08:26:54,90.4,4.026,2.1
PUMP_B,2026-02-28 08:26:54,70.15,2.141,4.44
MOTOR_C,2026-02-28 08:26:54,69.98,1.51,3.98
COMPRESSOR_D,2026-02-28 08:26:54,65.36,1.133,3.68
PUMP_A,2026-02-28 08:26:56,86.02,3.307,2.36
PUMP_B,2026-02-28 08:26:56,66.71,1.591,4.34
MOTOR_C,2026-02-28 08:26:56,71.59,1.151,3.96
COMPRESSOR_D,2026-02-28 08:26:56,64.2,1.937,3.74
PUMP_A,2026-02-28 08:26:58,88.06,3.558,2.68
PUMP_B,2026-02-28 08:26:58,66.11,1.287,3.95
MOTOR_C,2026-02-28 08:26:58,63.48,1.645,3.6
COMPRESSOR_D,2026-02-28 08:26:58,71.84,1.632,4.11
PUMP_A,2026-02-28 08:27:00,88.64,3.356,2.59
PUMP_B,2026-02-28 08:27:00,72.53,1.785,4.34
MOTOR_C,2026-02-28 08:27:00,67.45,1.832,4.28
COMPRESSOR_D,2026-02-28 08:27:00,68.32,2.247,4.19
PUMP_A,2026-02-28 08:27:02,84.11,4.059,2.44
PUMP_B,2026-02-28 08:27:02,69.38,1.745,4.17
MOTOR_C,2026-02-28 08:27:02,62.51,1.99,4.37
COMPRESSOR_D,2026-02-28 08:27:02,67.62,1.769,4.48
PUMP_A,2026-02-28 08:27:02,84.24,3.716,2.96
PUMP_B,2026-02-28 08:27:02,70.52,1.251,3.68
MOTOR_C,2026-02-28 08:27:02,64.26,1.498,4.35
COMPRESSOR_D,2026-02-28 08:27:02,66.11,1.805,4.4
PUMP_A,2026-02-28 08:27:04,84.65,4.609,2.06
PUMP_B,2026-02-28 08:27:04,71.59,1.834,3.63
MOTOR_C,2026-02-28 08:27:04,73.84,1.954,4.51
COMPRESSOR_D,2026-02-28 08:27:04,67.59,1.741,3.66
PUMP_A,2026-02-28 08:27:06,88.34,4.412,2.79
PUMP_B,2026-02-28 08:27:06,67.6,1.921,4.02
MOTOR_C,2026-02-28 08:27:06,69.59,1.874,3.83
COMPRESSOR_D,2026-02-28 08:27:06,68.33,2.111,3.77
PUMP_A,2026-02-28 08:27:08,86.81,3.432,2.44
PUMP_B,2026-02-28 08:27:08,64.93,1.511,4.46
MOTOR_C,2026-02-28 08:27:08,73.71,1.114,4.23
COMPRESSOR_D,2026-02-28 08:27:08,67.21,2.372,4.46
PUMP_A,2026-02-28 08:27:10,82.79,4.208,2.61
PUMP_B,2026-02-28 08:27:10,71.77,1.649,4.67
MOTOR_C,2026-02-28 08:27:10,72.0,1.517,3.62
COMPRESSOR_D,2026-02-28 08:27:10,69.13,1.401,3.76
PUMP_A,2026-02-28 08:27:12,90.56,4.75,2.96
PUMP_B,2026-02-28 08:27:12,68.04,1.32,4.45
MOTOR_C,2026-02-28 08:27:12,66.21,2.394,4.65
COMPRESSOR_D,2026-02-28 08:27:12,73.4,1.057,3.71
PUMP_A,2026-02-28 08:27:14,86.08,3.25,2.9
PUMP_B,2026-02-28 08:27:14,64.08,1.834,4.0
MOTOR_C,2026-02-28 08:27:14,63.59,1.72,4.51
COMPRESSOR_D,2026-02-28 08:27:14,64.02,1.991,4.06
PUMP_A,2026-02-28 08:27:16,82.2,4.421,2.71
PUMP_B,2026-02-28 08:27:16,70.4,2.058,3.8
MOTOR_C,2026-02-28 08:27:16,69.16,1.686,4.06
COMPRESSOR_D,2026-02-28 08:27:16,67.45,1.569,4.16
PUMP_A,2026-02-28 08:27:18,88.06,3.644,2.44
PUMP_B,2026-02-28 08:27:18,66.56,1.636,3.96
MOTOR_C,2026-02-28 08:27:18,69.01,1.298,3.83
COMPRESSOR_D,2026-02-28 08:27:18,73.55,1.145,3.64
PUMP_A,2026-02-28 08:27:20,91.3,3.61,2.93
PUMP_B,2026-02-28 08:27:20,65.97,1.207,4.27
MOTOR_C,2026-02-28 08:27:20,67.8,1.575,3.96
COMPRESSOR_D,2026-02-28 08:27:20,62.16,1.569,4.68
PUMP_A,2026-02-28 08:27:22,93.87,3.45,2.9
PUMP_B,2026-02-28 08:27:22,65.26,2.204,4.07
MOTOR_C,2026-02-28 08:27:22,64.51,1.534,4.39
COMPRESSOR_D,2026-02-28 08:27:22,66.28,2.09,4.25
PUMP_A,2026-02-28 08:27:24,85.36,3.568,2.91
PUMP_B,2026-02-28 08:27:24,63.07,1.552,4.12
MOTOR_C,2026-02-28 08:27:24,65.12,1.35,4.3
COMPRESSOR_D,2026-02-28 08:27:24,67.74,1.741,4.48
PUMP_A,2026-02-28 08:27:26,84.31,4.767,2.28
PUMP_B,2026-02-28 08:27:26,66.38,1.9,4.72
MOTOR_C,2026-02-28 08:27:26,73.36,1.077,3.75
COMPRESSOR_D,2026-02-28 08:27:26,63.9,1.093,3.95
PUMP_A,2026-02-28 08:27:28,82.98,3.422,2.54
PUMP_B,2026-02-28 08:27:28,69.58,2.356,3.87
MOTOR_C,2026-02-28 08:27:28,70.4,1.361,3.95
COMPRESSOR_D,2026-02-28 08:27:28,67.66,1.706,3.87
PUMP_A,2026-02-28 08:27:30,84.28,4.075,2.35
PUMP_B,2026-02-28 08:27:30,71.17,2.04,4.19
MOTOR_C,2026-02-28 08:27:30,69.03,1.691,4.17
COMPRESSOR_D,2026-02-28 08:27:30,67.09,1.346,4.62
PUMP_A,2026-02-28 08:27:32,91.82,3.873,2.32
PUMP_B,2026-02-28 08:27:32,71.81,1.36,4.73
MOTOR_C,2026-02-28 08:27:32,62.04,1.036,4.6
COMPRESSOR_D,2026-02-28 08:27:32,71.63,1.942,4.44
PUMP_A,2026-02-28 08:27:33,83.16,4.392,2.02
PUMP_B,2026-02-28 08:27:33,71.45,1.192,3.82
MOTOR_C,2026-02-28 08:27:33,64.31,1.433,4.53
COMPRESSOR_D,2026-02-28 08:27:33,69.84,2.284,4.03
PUMP_A,2026-02-28 08:27:35,87.48,3.203,2.47
PUMP_B,2026-02-28 08:27:35,69.24,1.378,3.83
MOTOR_C,2026-02-28 08:27:35,73.44,1.486,4.79
COMPRESSOR_D,2026-02-28 08:27:35,64.14,1.494,4.23
PUMP_A,2026-02-28 08:27:37,86.02,3.516,2.03
PUMP_B,2026-02-28 08:27:37,62.53,1.14,3.63
MOTOR_C,2026-02-28 08:27:37,73.74,1.068,4.21
COMPRESSOR_D,2026-02-28 08:27:37,64.32,1.673,3.6
PUMP_A,2026-02-28 08:27:39,93.72,4.565,2.31
PUMP_B,2026-02-28 08:27:39,69.79,1.901,3.81
MOTOR_C,2026-02-28 08:27:39,64.92,2.119,3.71
COMPRESSOR_D,2026-02-28 08:27:39,62.97,1.899,3.67
PUMP_A,2026-02-28 08:27:41,91.48,4.179,2.79
PUMP_B,2026-02-28 08:27:41,64.31,2.2,4.31
MOTOR_C,2026-02-28 08:27:41,66.84,2.335,4.47
COMPRESSOR_D,2026-02-28 08:27:41,69.3,2.071,4.52
PUMP_A,2026-02-28 08:27:43,93.24,4.127,2.79
PUMP_B,2026-02-28 08:27:43,65.7,1.964,4.1
MOTOR_C,2026-02-28 08:27:43,62.38,1.169,4.66
COMPRESSOR_D,2026-02-28 08:27:43,66.61,1.815,3.94
PUMP_A,2026-02-28 08:27:45,91.11,4.596,2.75
PUMP_B,2026-02-28 08:27:45,65.28,1.027,4.46
MOTOR_C,2026-02-28 08:27:45,63.21,1.658,4.64
COMPRESSOR_D,2026-02-28 08:27:45,64.87,1.192,3.86
PUMP_A,2026-02-28 08:27:47,93.39,4.479,2.6
PUMP_B,2026-02-28 08:27:47,71.43,1.689,4.07
MOTOR_C,2026-02-28 08:27:47,65.47,1.066,4.12
COMPRESSOR_D,2026-02-28 08:27:47,72.26,2.076,4.67
PUMP_A,2026-02-28 08:27:49,92.37,4.005,2.67
PUMP_B,2026-02-28 08:27:49,64.68,2.387,3.7
MOTOR_C,2026-02-28 08:27:49,70.57,1.715,4.53
COMPRESSOR_D,2026-02-28 08:27:49,65.83,1.006,3.97
PUMP_A,2026-02-28 08:27:51,87.21,4.373,2.29
PUMP_B,2026-02-28 08:27:51,64.55,1.033,3.91
MOTOR_C,2026-02-28 08:27:51,70.13,1.855,4.76
COMPRESSOR_D,2026-02-28 08:27:51,62.9,2.304,4.51
PUMP_A,2026-02-28 08:27:53,89.53,3.936,2.4
PUMP_B,2026-02-28 08:27:53,71.97,1.224,4.12
MOTOR_C,2026-02-28 08:27:53,70.37,1.215,4.79
COMPRESSOR_D,2026-02-28 08:27:53,69.6,1.103,4.64
PUMP_A,2026-02-28 08:27:55,88.61,3.44,2.77
PUMP_B,2026-02-28 08:27:55,70.4,1.28,3.99
MOTOR_C,2026-02-28 08:27:55,69.95,1.584,4.47
COMPRESSOR_D,2026-02-28 08:27:55,68.08,2.301,4.62
PUMP_A,2026-02-28 08:27:57,85.04,4.532,2.3
PUMP_B,2026-02-28 08:27:57,69.1,1.509,4.17
MOTOR_C,2026-02-28 08:27:57,63.24,1.613,4.51
COMPRESSOR_D,2026-02-28 08:27:57,69.92,1.474,4.42
PUMP_A,2026-02-28 08:27:59,93.54,4.617,2.2
PUMP_B,2026-02-28 08:27:59,69.73,2.017,4.08
MOTOR_C,2026-02-28 08:27:59,65.54,1.542,4.56
COMPRESSOR_D,2026-02-28 08:27:59,69.24,1.665,4.53
PUMP_A,2026-02-28 08:28:01,90.15,3.791,2.89
PUMP_B,2026-02-28 08:28:01,68.53,1.703,4.1
MOTOR_C,2026-02-28 08:28:01,72.55,2.058,4.21
COMPRESSOR_D,2026-02-28 08:28:01,68.2,1.002,4.2
PUMP_A,2026-02-28 08:28:03,87.28,3.924,2.48
PUMP_B,2026-02-28 08:28:03,66.82,1.796,3.69
MOTOR_C,2026-02-28 08:28:03,66.64,1.626,4.58
COMPRESSOR_D,2026-02-28 08:28:03,63.52,1.979,4.78
PUMP_A,2026-02-28 08:28:05,82.59,3.878,2.64
PUMP_B,2026-02-28 08:28:05,67.77,1.343,4.33
MOTOR_C,2026-02-28 08:28:05,71.5,2.209,4.36
COMPRESSOR_D,2026-02-28 08:28:05,66.57,2.27,4.73
PUMP_A,2026-02-28 08:28:07,92.52,3.27,2.06
PUMP_B,2026-02-28 08:28:07,70.03,1.078,4.72
MOTOR_C,2026-02-28 08:28:07,69.31,1.758,4.53
COMPRESSOR_D,2026-02-28 08:28:07,68.92,1.246,4.36
PUMP_A,2026-02-28 08:28:09,83.06,4.544,2.36
PUMP_B,2026-02-28 08:28:09,68.64,2.241,4.09
MOTOR_C,2026-02-28 08:28:09,69.61,1.13,4.02
COMPRESSOR_D,2026-02-28 08:28:09,68.98,1.085,4.01
PUMP_A,2026-02-28 08:28:11,92.26,4.117,2.44
PUMP_B,2026-02-28 08:28:11,63.54,1.833,4.42
MOTOR_C,2026-02-28 08:28:11,66.7,1.951,3.79
COMPRESSOR_D,2026-02-28 08:28:11,72.73,1.714,4.61
PUMP_A,2026-02-28 08:28:13,91.22,4.718,2.52
PUMP_B,2026-02-28 08:28:13,69.25,1.053,3.99
MOTOR_C,2026-02-28 08:28:13,72.85,1.681,4.48
COMPRESSOR_D,2026-02-28 08:28:13,64.37,1.86,4.24
PUMP_A,2026-02-28 08:28:15,91.72,3.3,2.17
PUMP_B,2026-02-28 08:28:15,66.63,2.308,4.63
MOTOR_C,2026-02-28 08:28:15,70.3,2.207,3.91
COMPRESSOR_D,2026-02-28 08:28:15,67.98,1.077,4.01
PUMP_A,2026-02-28 08:28:17,89.32,3.612,2.99
PUMP_B,2026-02-28 08:28:17,63.1,1.98,4.0
MOTOR_C,2026-02-28 08:28:17,65.89,2.201,4.79
COMPRESSOR_D,2026-02-28 08:28:17,65.73,1.483,3.61
PUMP_A,2026-02-28 08:28:19,92.23,3.241,2.4
PUMP_B,2026-02-28 08:28:19,68.41,1.701,3.73
MOTOR_C,2026-02-28 08:28:19,72.6,2.121,4.25
COMPRESSOR_D,2026-02-28 08:28:19,69.43,1.763,3.8
PUMP_A,2026-02-28 08:28:20,92.74,3.207,2.71
PUMP_B,2026-02-28 08:28:20,63.1,1.782,4.16
MOTOR_C,2026-02-28 08:28:20,67.97,1.121,4.47
COMPRESSOR_D,2026-02-28 08:28:20,68.58,1.674,4.61
PUMP_A,2026-02-28 08:28:22,88.25,3.942,2.73
PUMP_B,2026-02-28 08:28:22,67.98,1.839,3.75
MOTOR_C,2026-02-28 08:28:22,71.45,1.409,4.38
COMPRESSOR_D,2026-02-28 08:28:22,67.79,1.311,4.38
PUMP_A,2026-02-28 08:28:24,87.59,3.457,2.11
PUMP_B,2026-02-28 08:28:24,65.09,2.355,4.66
MOTOR_C,2026-02-28 08:28:24,67.84,1.444,3.84
COMPRESSOR_D,2026-02-28 08:28:24,63.75,1.973,4.23
PUMP_A,2026-02-28 08:28:26,93.4,3.927,2.88
PUMP_B,2026-02-28 08:28:26,64.57,1.335,4.64
MOTOR_C,2026-02-28 08:28:26,69.87,1.545,4.67
COMPRESSOR_D,2026-02-28 08:28:26,71.96,1.473,4.35
PUMP_A,2026-02-28 08:28:28,94.55,3.952,2.66
PUMP_B,2026-02-28 08:28:28,63.24,2.366,3.69
MOTOR_C,2026-02-28 08:28:28,63.48,2.279,4.79
COMPRESSOR_D,2026-02-28 08:28:28,64.96,1.701,3.65
PUMP_A,2026-02-28 08:28:30,92.78,3.394,2.39
PUMP_B,2026-02-28 08:28:30,64.54,1.411,4.1
MOTOR_C,2026-02-28 08:28:30,65.88,1.016,4.17
COMPRESSOR_D,2026-02-28 08:28:30,70.34,1.23,3.9
PUMP_A,2026-02-28 08:28:32,88.75,4.605,2.59
PUMP_B,2026-02-28 08:28:32,62.05,2.154,4.24
MOTOR_C,2026-02-28 08:28:32,63.04,1.95,3.89
COMPRESSOR_D,2026-02-28 08:28:32,65.68,1.084,3.77
PUMP_A,2026-02-28 08:28:34,83.98,4.087,2.01
PUMP_B,2026-02-28 08:28:34,70.92,1.563,4.38
MOTOR_C,2026-02-28 08:28:34,64.64,1.851,4.6
COMPRESSOR_D,2026-02-28 08:28:34,63.73,1.605,4.52
PUMP_A,2026-02-28 08:28:36,93.63,4.216,2.92
PUMP_B,2026-02-28 08:28:36,69.9,1.79,4.59
MOTOR_C,2026-02-28 08:28:36,70.36,2.27,4.1
COMPRESSOR_D,2026-02-28 08:28:36,67.81,2.205,3.97
PUMP_A,2026-02-28 08:28:38,87.4,3.906,2.36
PUMP_B,2026-02-28 08:28:38,72.44,1.222,4.37
MOTOR_C,2026-02-28 08:28:38,68.91,1.044,3.73
COMPRESSOR_D,2026-02-28 08:28:38,70.48,2.07,4.01
PUMP_A,2026-02-28 08:28:40,91.67,4.403,2.36
PUMP_B,2026-02-28 08:28:40,68.59,1.239,4.68
MOTOR_C,2026-02-28 08:28:40,70.43,1.367,4.74
COMPRESSOR_D,2026-02-28 08:28:40,73.77,1.52,4.33
PUMP_A,2026-02-28 08:28:42,85.74,3.738,2.63
PUMP_B,2026-02-28 08:28:42,71.81,1.366,4.66
MOTOR_C,2026-02-28 08:28:42,66.52,1.924,3.95
COMPRESSOR_D,2026-02-28 08:28:42,70.15,1.486,4.66
PUMP_A,2026-02-28 08:28:44,89.39,3.305,2.83
PUMP_B,2026-02-28 08:28:44,66.15,2.115,4.75
MOTOR_C,2026-02-28 08:28:44,70.45,1.409,4.04
COMPRESSOR_D,2026-02-28 08:28:44,72.02,2.084,4.46
PUMP_A,2026-02-28 08:28:46,82.66,4.205,2.39
PUMP_B,2026-02-28 08:28:46,65.99,1.749,3.75
MOTOR_C,2026-02-28 08:28:46,71.57,1.041,4.39
COMPRESSOR_D,2026-02-28 08:28:46,73.16,1.586,3.97
PUMP_A,2026-02-28 08:28:48,88.36,3.799,2.09
PUMP_B,2026-02-28 08:28:48,71.91,1.311,3.67
MOTOR_C,2026-02-28 08:28:48,69.69,2.284,4.37
COMPRESSOR_D,2026-02-28 08:28:48,62.42,1.821,4.06
PUMP_A,2026-02-28 08:28:50,94.4,4.663,2.72
PUMP_B,2026-02-28 08:28:50,71.8,1.24,4.0
MOTOR_C,2026-02-28 08:28:50,62.74,1.412,3.67
COMPRESSOR_D,2026-02-28 08:28:50,65.14,2.318,4.5
PUMP_A,2026-02-28 08:28:51,91.73,4.262,2.32
PUMP_B,2026-02-28 08:28:51,66.54,1.163,4.74
MOTOR_C,2026-02-28 08:28:51,70.44,2.241,3.73
COMPRESSOR_D,2026-02-28 08:28:51,69.82,1.926,3.91
PUMP_A,2026-02-28 08:28:53,83.52,4.082,3.0
PUMP_B,2026-02-28 08:28:53,64.52,1.898,4.63
MOTOR_C,2026-02-28 08:28:53,66.11,2.341,4.05
COMPRESSOR_D,2026-02-28 08:28:53,72.31,1.016,4.01
PUMP_A,2026-02-28 08:28:55,87.15,3.48,2.93
PUMP_B,2026-02-28 08:28:55,65.13,1.685,4.03
MOTOR_C,2026-02-28 08:28:55,70.32,2.32,4.54
COMPRESSOR_D,2026-02-28 08:28:55,62.78,1.199,4.48
PUMP_A,2026-02-28 08:28:57,89.73,3.295,2.77
PUMP_B,2026-02-28 08:28:57,71.75,1.035,3.92
MOTOR_C,2026-02-28 08:28:57,69.55,1.834,4.57
COMPRESSOR_D,2026-02-28 08:28:57,70.09,1.603,3.93
PUMP_A,2026-02-28 08:28:59,87.2,3.523,2.06
PUMP_B,2026-02-28 08:28:59,63.08,1.251,4.64
MOTOR_C,2026-02-28 08:28:59,73.97,1.936,4.12
COMPRESSOR_D,2026-02-28 08:28:59,73.74,2.266,4.1
PUMP_A,2026-02-28 08:29:01,88.71,4.654,2.83
PUMP_B,2026-02-28 08:29:01,62.38,2.185,4.55
MOTOR_C,2026-02-28 08:29:01,65.64,1.888,4.78
COMPRESSOR_D,2026-02-28 08:29:01,64.13,1.02,4.54
PUMP_A,2026-02-28 08:29:03,82.17,3.543,2.39
PUMP_B,2026-02-28 08:29:03,72.89,1.721,4.53
MOTOR_C,2026-02-28 08:29:03,62.25,2.178,3.93
COMPRESSOR_D,2026-02-28 08:29:03,65.32,1.89,4.54
PUMP_A,2026-02-28 08:29:05,86.45,4.557,2.76
PUMP_B,2026-02-28 08:29:05,64.94,1.642,4.62
MOTOR_C,2026-02-28 08:29:05,69.79,1.663,3.65
COMPRESSOR_D,2026-02-28 08:29:05,69.89,1.818,3.89
PUMP_A,2026-02-28 08:29:07,84.29,3.677,2.65
PUMP_B,2026-02-28 08:29:07,72.25,1.431,4.75
MOTOR_C,2026-02-28 08:29:07,66.01,1.752,3.63
COMPRESSOR_D,2026-02-28 08:29:07,68.95,1.08,3.68
PUMP_A,2026-02-28 08:29:09,84.47,4.448,2.27
PUMP_B,2026-02-28 08:29:09,73.82,1.786,4.26
MOTOR_C,2026-02-28 08:29:09,64.73,1.245,4.79
COMPRESSOR_D,2026-02-28 08:29:09,72.16,2.235,4.56
PUMP_A,2026-02-28 08:29:11,88.36,4.754,2.1
PUMP_B,2026-02-28 08:29:11,65.42,1.379,4.05
MOTOR_C,2026-02-28 08:29:11,71.81,1.467,4.21
COMPRESSOR_D,2026-02-28 08:29:11,62.28,1.309,3.85
PUMP_A,2026-02-28 08:29:13,82.1,4.06,2.36
PUMP_B,2026-02-28 08:29:13,73.32,1.092,4.02
MOTOR_C,2026-02-28 08:29:13,71.08,1.97,4.35
COMPRESSOR_D,2026-02-28 08:29:13,69.42,1.613,4.15
PUMP_A,2026-02-28 08:29:15,93.82,4.755,2.74
PUMP_B,2026-02-28 08:29:15,72.68,1.58,3.82
MOTOR_C,2026-02-28 08:29:15,67.56,1.024,3.87
COMPRESSOR_D,2026-02-28 08:29:15,72.49,2.245,4.01
PUMP_A,2026-02-28 08:29:17,83.58,3.23,2.37
PUMP_B,2026-02-28 08:29:17,69.57,1.149,4.1
MOTOR_C,2026-02-28 08:29:17,62.73,1.182,3.7
COMPRESSOR_D,2026-02-28 08:29:17,66.24,2.387,4.44
PUMP_A,2026-02-28 08:29:19,91.02,4.795,2.96
PUMP_B,2026-02-28 08:29:19,70.22,1.313,3.74
MOTOR_C,2026-02-28 08:29:19,71.56,1.574,3.72
COMPRESSOR_D,2026-02-28 08:29:19,62.73,1.943,4.57
PUMP_A,2026-02-28 08:29:21,85.55,3.969,2.88
PUMP_B,2026-02-28 08:29:21,73.81,1.078,3.96
MOTOR_C,2026-02-28 08:29:21,69.04,1.949,3.93
COMPRESSOR_D,2026-02-28 08:29:21,62.19,2.141,4.54
PUMP_A,2026-02-28 08:29:22,94.39,4.309,2.93
PUMP_B,2026-02-28 08:29:22,69.45,1.041,4.19
MOTOR_C,2026-02-28 08:29:22,67.0,1.087,4.62
COMPRESSOR_D,2026-02-28 08:29:22,71.62,1.726,4.18
PUMP_A,2026-02-28 08:29:24,83.99,4.109,2.04
PUMP_B,2026-02-28 08:29:24,71.04,1.748,4.53
MOTOR_C,2026-02-28 08:29:24,68.48,1.279,4.12
COMPRESSOR_D,2026-02-28 08:29:24,65.72,2.017,4.33
PUMP_A,2026-02-28 08:29:26,92.88,3.294,2.02
PUMP_B,2026-02-28 08:29:26,67.14,2.025,4.75
MOTOR_C,2026-02-28 08:29:26,68.62,1.487,3.96
COMPRESSOR_D,2026-02-28 08:29:26,66.25,1.47,4.7
PUMP_A,2026-02-28 08:29:28,93.76,3.555,2.45
PUMP_B,2026-02-28 08:29:28,70.32,1.506,4.67
MOTOR_C,2026-02-28 08:29:28,62.46,1.203,4.18
COMPRESSOR_D,2026-02-28 08:29:28,64.88,1.994,4.74
PUMP_A,2026-02-28 08:29:30,83.05,4.536,2.62
PUMP_B,2026-02-28 08:29:30,66.63,1.676,4.01
MOTOR_C,2026-02-28 08:29:30,72.1,1.671,3.78
COMPRESSOR_D,2026-02-28 08:29:30,73.77,2.17,4.51
PUMP_A,2026-02-28 08:29:32,86.65,3.995,2.64
PUMP_B,2026-02-28 08:29:32,71.64,1.798,4.27
MOTOR_C,2026-02-28 08:29:32,73.83,1.691,3.76
COMPRESSOR_D,2026-02-28 08:29:32,62.19,2.172,3.79
PUMP_A,2026-02-28 08:29:34,91.89,4.544,2.78
PUMP_B,2026-02-28 08:29:34,63.41,1.845,4.41
MOTOR_C,2026-02-28 08:29:34,67.7,1.537,3.8
COMPRESSOR_D,2026-02-28 08:29:34,73.78,1.866,4.77
PUMP_A,2026-02-28 08:29:36,84.91,3.264,2.63
PUMP_B,2026-02-28 08:29:36,63.41,1.747,3.65
MOTOR_C,2026-02-28 08:29:36,70.55,2.357,4.23
COMPRESSOR_D,2026-02-28 08:29:36,71.13,1.716,4.22
PUMP_A,2026-02-28 08:29:38,91.61,3.995,2.14
PUMP_B,2026-02-28 08:29:38,68.57,1.151,4.27
MOTOR_C,2026-02-28 08:29:38,63.56,2.281,4.2
COMPRESSOR_D,2026-02-28 08:29:38,67.49,1.874,4.48
PUMP_A,2026-02-28 08:29:40,87.16,3.603,2.92
PUMP_B,2026-02-28 08:29:40,73.06,1.082,4.65
MOTOR_C,2026-02-28 08:29:40,71.27,2.389,3.81
COMPRESSOR_D,2026-02-28 08:29:40,64.46,1.802,4.32
PUMP_A,2026-02-28 08:29:42,87.74,4.251,2.78
PUMP_B,2026-02-28 08:29:42,72.09,1.267,4.55
MOTOR_C,2026-02-28 08:29:42,63.78,1.868,4.65
COMPRESSOR_D,2026-02-28 08:29:42,62.82,1.148,4.1
PUMP_A,2026-02-28 08:29:44,90.68,4.36,2.88
PUMP_B,2026-02-28 08:29:44,67.92,2.294,3.62
MOTOR_C,2026-02-28 08:29:44,72.42,1.605,4.2
COMPRESSOR_D,2026-02-28 08:29:44,64.75,1.077,3.96
PUMP_A,2026-02-28 08:29:46,82.18,3.606,2.33
PUMP_B,2026-02-28 08:29:46,71.02,2.077,3.8
MOTOR_C,2026-02-28 08:29:46,70.4,1.735,3.93
COMPRESSOR_D,2026-02-28 08:29:46,68.11,1.642,4.15
PUMP_A,2026-02-28 08:29:48,91.35,4.124,2.04
PUMP_B,2026-02-28 08:29:48,66.55,1.411,3.85
MOTOR_C,2026-02-28 08:29:48,63.74,1.446,4.79
COMPRESSOR_D,2026-02-28 08:29:48,63.82,2.178,4.61
PUMP_A,2026-02-28 08:29:50,82.54,4.235,2.75
PUMP_B,2026-02-28 08:29:50,71.23,2.391,4.27
MOTOR_C,2026-02-28 08:29:50,70.2,1.546,4.0
COMPRESSOR_D,2026-02-28 08:29:50,62.81,1.929,4.42
PUMP_A,2026-02-28 08:29:52,89.95,4.044,2.66
PUMP_B,2026-02-28 08:29:52,67.77,1.14,4.23
MOTOR_C,2026-02-28 08:29:52,73.28,1.81,4.13
COMPRESSOR_D,2026-02-28 08:29:52,72.64,1.223,3.75
PUMP_A,2026-02-28 08:29:53,90.44,4.316,2.71
PUMP_B,2026-02-28 08:29:53,73.32,2.359,3.88
MOTOR_C,2026-02-28 08:29:53,66.58,2.026,3.93
COMPRESSOR_D,2026-02-28 08:29:53,64.67,1.304,3.88
PUMP_A,2026-02-28 08:29:55,90.0,4.751,2.14
PUMP_B,2026-02-28 08:29:55,72.09,1.026,4.34
MOTOR_C,2026-02-28 08:29:55,64.79,1.712,3.73
COMPRESSOR_D,2026-02-28 08:29:55,63.32,1.465,4.01
PUMP_A,2026-02-28 08:29:57,94.2,3.213,2.91
PUMP_B,2026-02-28 08:29:57,63.72,2.324,4.17
MOTOR_C,2026-02-28 08:29:57,66.78,1.165,4.33
COMPRESSOR_D,2026-02-28 08:29:57,73.07,1.842,4.75
PUMP_A,2026-02-28 08:29:59,86.36,4.328,2.02
PUMP_B,2026-02-28 08:29:59,70.74,2.224,4.79
MOTOR_C,2026-02-28 08:29:59,72.12,1.745,3.91
COMPRESSOR_D,2026-02-28 08:29:59,67.01,1.412,4.0
PUMP_A,2026-02-28 08:30:01,94.86,3.987,2.47
PUMP_B,2026-02-28 08:30:01,72.12,1.755,4.52
MOTOR_C,2026-02-28 08:30:01,66.75,1.497,3.79
COMPRESSOR_D,2026-02-28 08:30:01,62.83,2.095,4.31
PUMP_A,2026-02-28 08:30:03,86.64,3.321,2.49
PUMP_B,2026-02-28 08:30:03,65.81,2.168,4.76
MOTOR_C,2026-02-28 08:30:03,64.22,1.104,4.69
COMPRESSOR_D,2026-02-28 08:30:03,68.82,1.122,4.1
PUMP_A,2026-02-28 08:30:05,88.35,4.168,2.06
PUMP_B,2026-02-28 08:30:05,73.38,1.818,4.67
MOTOR_C,2026-02-28 08:30:05,73.62,2.299,3.87
COMPRESSOR_D,2026-02-28 08:30:05,65.71,1.256,3.97
PUMP_A,2026-02-28 08:30:07,87.8,3.219,2.1
PUMP_B,2026-02-28 08:30:07,67.23,1.272,4.22
MOTOR_C,2026-02-28 08:30:07,63.52,1.175,4.57
COMPRESSOR_D,2026-02-28 08:30:07,62.84,2.189,3.86
PUMP_A,2026-02-28 08:30:09,83.73,4.302,2.8
PUMP_B,2026-02-28 08:30:09,72.94,1.491,4.31
MOTOR_C,2026-02-28 08:30:09,72.69,2.057,4.46
COMPRESSOR_D,2026-02-28 08:30:09,71.12,2.081,3.63
PUMP_A,2026-02-28 08:30:11,91.42,3.297,2.88
PUMP_B,2026-02-28 08:30:11,68.48,1.713,3.85
MOTOR_C,2026-02-28 08:30:11,70.49,2.218,4.51
COMPRESSOR_D,2026-02-28 08:30:11,64.15,1.309,3.64
PUMP_A,2026-02-28 08:30:13,82.14,3.578,2.76
PUMP_B,2026-02-28 08:30:13,65.42,1.859,3.74
MOTOR_C,2026-02-28 08:30:13,71.42,1.251,3.76
COMPRESSOR_D,2026-02-28 08:30:13,66.07,1.692,4.04
PUMP_A,2026-02-28 08:30:15,87.27,4.386,2.07
PUMP_B,2026-02-28 08:30:15,67.42,1.56,4.62
MOTOR_C,2026-02-28 08:30:15,71.48,1.57,4.18
COMPRESSOR_D,2026-02-28 08:30:15,69.94,1.219,3.9
PUMP_A,2026-02-28 08:30:17,84.78,3.383,2.64
PUMP_B,2026-02-28 08:30:17,64.64,2.19,3.79
MOTOR_C,2026-02-28 08:30:17,67.8,1.989,4.34
COMPRESSOR_D,2026-02-28 08:30:17,65.3,1.495,3.85
PUMP_A,2026-02-28 08:30:19,92.74,4.396,2.2
PUMP_B,2026-02-28 08:30:19,65.43,1.531,4.12
MOTOR_C,2026-02-28 08:30:19,66.06,1.884,4.68
COMPRESSOR_D,2026-02-28 08:30:19,72.61,1.137,3.8
PUMP_A,2026-02-28 08:30:21,83.14,3.416,2.68
PUMP_B,2026-02-28 08:30:21,73.96,1.05,3.87
MOTOR_C,2026-02-28 08:30:21,72.73,2.216,4.14
COMPRESSOR_D,2026-02-28 08:30:21,64.29,1.18,3.61
PUMP_A,2026-02-28 08:30:23,90.01,3.595,2.29
PUMP_B,2026-02-28 08:30:23,73.86,2.07,4.04
MOTOR_C,2026-02-28 08:30:23,70.44,2.1,4.6
COMPRESSOR_D,2026-02-28 08:30:23,68.23,2.35,4.15
PUMP_A,2026-02-28 08:30:24,82.75,3.846,2.98
PUMP_B,2026-02-28 08:30:24,67.37,1.746,4.52
MOTOR_C,2026-02-28 08:30:24,63.65,1.033,3.72
COMPRESSOR_D,2026-02-28 08:30:24,67.87,1.289,3.96
PUMP_A,2026-02-28 08:30:26,90.57,4.372,2.49
PUMP_B,2026-02-28 08:30:26,63.33,1.561,4.08
MOTOR_C,2026-02-28 08:30:26,65.22,1.256,4.36
COMPRESSOR_D,2026-02-28 08:30:26,69.1,1.217,4.77
PUMP_A,2026-02-28 08:30:28,94.35,3.317,2.75
PUMP_B,2026-02-28 08:30:28,68.26,1.172,4.09
MOTOR_C,2026-02-28 08:30:28,73.92,1.285,3.92
COMPRESSOR_D,2026-02-28 08:30:28,64.71,1.847,4.12
PUMP_A,2026-02-28 08:30:30,87.95,4.757,2.36
PUMP_B,2026-02-28 08:30:30,63.39,1.074,4.05
MOTOR_C,2026-02-28 08:30:30,72.56,1.886,4.6
COMPRESSOR_D,2026-02-28 08:30:30,62.69,2.052,4.31
PUMP_A,2026-02-28 08:30:32,82.25,3.434,2.03
PUMP_B,2026-02-28 08:30:32,68.87,1.012,4.11
MOTOR_C,2026-02-28 08:30:32,68.4,1.499,4.77
COMPRESSOR_D,2026-02-28 08:30:32,62.24,2.264,4.2
PUMP_A,2026-02-28 08:30:34,92.16,4.306,2.82
PUMP_B,2026-02-28 08:30:34,70.8,1.18,4.13
MOTOR_C,2026-02-28 08:30:34,72.3,1.384,3.81
COMPRESSOR_D,2026-02-28 08:30:34,73.54,1.538,4.45
PUMP_A,2026-02-28 08:30:36,92.03,3.37,2.49
PUMP_B,2026-02-28 08:30:36,64.21,1.185,4.45
MOTOR_C,2026-02-28 08:30:36,68.23,2.216,3.96
COMPRESSOR_D,2026-02-28 08:30:36,64.12,1.513,4.09
PUMP_A,2026-02-28 08:30:38,91.86,4.683,2.17
PUMP_B,2026-02-28 08:30:38,71.01,1.353,4.75
MOTOR_C,2026-02-28 08:30:38,67.48,1.056,3.91
COMPRESSOR_D,2026-02-28 08:30:38,72.12,1.489,3.82
PUMP_A,2026-02-28 08:30:40,83.83,4.165,2.84
PUMP_B,2026-02-28 08:30:40,62.16,1.344,3.94
MOTOR_C,2026-02-28 08:30:40,62.78,2.387,3.76
COMPRESSOR_D,2026-02-28 08:30:40,62.12,1.813,4.7
PUMP_A,2026-02-28 08:30:42,88.07,3.932,2.96
PUMP_B,2026-02-28 08:30:42,63.52,1.662,4.0
MOTOR_C,2026-02-28 08:30:42,70.81,1.87,4.27
COMPRESSOR_D,2026-02-28 08:30:42,62.56,1.093,3.88
PUMP_A,2026-02-28 08:30:44,85.89,3.722,2.05
PUMP_B,2026-02-28 08:30:44,69.7,2.003,3.72
MOTOR_C,2026-02-28 08:30:44,64.51,1.271,3.63
COMPRESSOR_D,2026-02-28 08:30:44,70.6,2.214,3.65
PUMP_A,2026-02-28 08:30:46,87.51,4.716,2.18
PUMP_B,2026-02-28 08:30:46,66.46,2.269,3.98
MOTOR_C,2026-02-28 08:30:46,69.94,1.091,3.74
COMPRESSOR_D,2026-02-28 08:30:46,64.42,1.71,3.6
PUMP_A,2026-02-28 08:30:48,94.4,4.609,2.32
PUMP_B,2026-02-28 08:30:48,64.27,1.3,4.19
MOTOR_C,2026-02-28 08:30:48,68.36,1.026,4.71
COMPRESSOR_D,2026-02-28 08:30:48,70.53,1.785,3.65
PUMP_A,2026-02-28 08:30:50,93.87,3.315,2.55
PUMP_B,2026-02-28 08:30:50,65.36,2.289,3.7
MOTOR_C,2026-02-28 08:30:50,73.3,1.218,3.64
COMPRESSOR_D,2026-02-28 08:30:50,62.87,2.398,3.83
PUMP_A,2026-02-28 08:30:52,92.19,3.204,2.78
PUMP_B,2026-02-28 08:30:52,67.81,1.944,4.27
MOTOR_C,2026-02-28 08:30:52,73.52,1.375,3.75
COMPRESSOR_D,2026-02-28 08:30:52,73.28,2.026,4.61
PUMP_A,2026-02-28 08:30:54,88.44,4.26,2.01
PUMP_B,2026-02-28 08:30:54,66.38,1.02,4.8
MOTOR_C,2026-02-28 08:30:54,68.38,2.044,3.93
COMPRESSOR_D,2026-02-28 08:30:54,68.74,1.908,4.25
PUMP_A,2026-02-28 08:30:55,94.12,4.592,2.69
PUMP_B,2026-02-28 08:30:55,68.65,1.08,4.65
MOTOR_C,2026-02-28 08:30:55,73.93,1.801,4.54
COMPRESSOR_D,2026-02-28 08:30:55,69.25,2.006,4.09
PUMP_A,2026-02-28 08:30:57,91.21,4.129,2.96
PUMP_B,2026-02-28 08:30:57,67.02,1.392,4.29
MOTOR_C,2026-02-28 08:30:57,62.04,1.214,4.48
COMPRESSOR_D,2026-02-28 08:30:57,71.25,1.271,4.4
PUMP_A,2026-02-28 08:30:59,84.8,4.048,2.45
PUMP_B,2026-02-28 08:30:59,72.31,1.146,4.51
MOTOR_C,2026-02-28 08:30:59,72.98,1.008,3.79
COMPRESSOR_D,2026-02-28 08:30:59,62.6,1.806,4.59
PUMP_A,2026-02-28 08:31:01,84.84,3.296,2.15
PUMP_B,2026-02-28 08:31:01,66.58,1.52,4.49
MOTOR_C,2026-02-28 08:31:01,71.74,1.244,3.85
COMPRESSOR_D,2026-02-28 08:31:01,68.8,1.824,4.76
PUMP_A,2026-02-28 08:31:03,92.46,4.276,2.89
PUMP_B,2026-02-28 08:31:03,68.08,1.114,4.71
MOTOR_C,2026-02-28 08:31:03,66.25,1.283,3.69
COMPRESSOR_D,2026-02-28 08:31:03,71.4,2.009,4.66
PUMP_A,2026-02-28 08:31:05,83.24,4.039,2.47
PUMP_B,2026-02-28 08:31:05,62.54,1.999,4.46
MOTOR_C,2026-02-28 08:31:05,71.06,1.608,3.7
COMPRESSOR_D,2026-02-28 08:31:05,66.05,1.942,3.86
PUMP_A,2026-02-28 08:31:07,86.12,4.523,2.75
PUMP_B,2026-02-28 08:31:07,69.52,1.649,4.77
MOTOR_C,2026-02-28 08:31:07,64.83,1.241,4.2
COMPRESSOR_D,2026-02-28 08:31:07,71.53,1.841,4.3
PUMP_A,2026-02-28 08:31:09,87.23,4.182,2.64
PUMP_B,2026-02-28 08:31:09,70.92,1.92,3.86
MOTOR_C,2026-02-28 08:31:09,65.93,2.352,4.52
COMPRESSOR_D,2026-02-28 08:31:09,63.53,1.249,3.76
PUMP_A,2026-02-28 08:31:11,91.26,3.719,2.25
PUMP_B,2026-02-28 08:31:11,70.59,2.39,4.71
MOTOR_C,2026-02-28 08:31:11,73.59,1.295,4.11
COMPRESSOR_D,2026-02-28 08:31:11,67.28,2.15,4.01
PUMP_A,2026-02-28 08:31:13,85.24,3.308,2.73
PUMP_B,2026-02-28 08:31:13,67.85,1.156,3.94
MOTOR_C,2026-02-28 08:31:13,72.9,1.229,4.37
COMPRESSOR_D,2026-02-28 08:31:13,62.65,2.216,3.72
PUMP_A,2026-02-28 08:31:15,91.47,4.43,2.17
PUMP_B,2026-02-28 08:31:15,68.55,1.875,4.41
MOTOR_C,2026-02-28 08:31:15,66.11,1.461,4.25
COMPRESSOR_D,2026-02-28 08:31:15,69.87,2.159,4.48
PUMP_A,2026-02-28 08:31:17,88.46,4.329,2.52
PUMP_B,2026-02-28 08:31:17,70.43,1.9,3.61
MOTOR_C,2026-02-28 08:31:17,62.31,1.755,3.61
COMPRESSOR_D,2026-02-28 08:31:17,72.34,1.431,4.43
PUMP_A,2026-02-28 08:31:19,92.46,4.067,2.44
PUMP_B,2026-02-28 08:31:19,63.53,1.103,3.61
MOTOR_C,2026-02-28 08:31:19,66.74,1.178,4.62
COMPRESSOR_D,2026-02-28 08:31:19,66.84,2.264,4.09
PUMP_A,2026-02-28 08:31:21,82.23,3.892,2.68
PUMP_B,2026-02-28 08:31:21,72.12,1.58,4.29
MOTOR_C,2026-02-28 08:31:21,72.04,2.115,4.36
COMPRESSOR_D,2026-02-28 08:31:21,64.84,2.109,4.48
PUMP_A,2026-02-28 08:31:23,93.19,3.811,2.53
PUMP_B,2026-02-28 08:31:23,72.47,1.819,4.37
MOTOR_C,2026-02-28 08:31:23,70.94,1.011,3.88
COMPRESSOR_D,2026-02-28 08:31:23,65.49,1.6,4.68
PUMP_A,2026-02-28 08:31:25,83.29,3.892,2.87
PUMP_B,2026-02-28 08:31:25,71.4,1.022,4.78
MOTOR_C,2026-02-28 08:31:25,68.18,2.14,4.4
COMPRESSOR_D,2026-02-28 08:31:25,73.1,2.156,4.42
PUMP_A,2026-02-28 08:31:27,84.88,3.735,2.72
PUMP_B,2026-02-28 08:31:27,63.81,1.197,3.86
MOTOR_C,2026-02-28 08:31:27,70.08,1.072,3.72
COMPRESSOR_D,2026-02-28 08:31:27,65.54,1.627,4.61
PUMP_A,2026-02-28 08:31:28,90.62,3.416,2.39
PUMP_B,2026-02-28 08:31:28,68.42,1.271,3.8
MOTOR_C,2026-02-28 08:31:28,63.17,1.242,4.49
COMPRESSOR_D,2026-02-28 08:31:28,62.11,1.59,4.56
PUMP_A,2026-02-28 08:31:30,91.33,3.689,2.82
PUMP_B,2026-02-28 08:31:30,69.97,2.206,4.14
MOTOR_C,2026-02-28 08:31:30,63.79,2.367,3.71
COMPRESSOR_D,2026-02-28 08:31:30,66.02,1.902,4.68
PUMP_A,2026-02-28 08:31:32,91.26,3.293,2.8
PUMP_B,2026-02-28 08:31:32,66.6,2.194,3.94
MOTOR_C,2026-02-28 08:31:32,62.13,1.942,4.53
COMPRESSOR_D,2026-02-28 08:31:32,65.0,1.014,3.74
PUMP_A,2026-02-28 08:31:34,83.9,3.917,2.88
PUMP_B,2026-02-28 08:31:34,71.25,2.005,3.68
MOTOR_C,2026-02-28 08:31:34,66.94,1.028,3.86
COMPRESSOR_D,2026-02-28 08:31:34,73.05,1.034,4.47
PUMP_A,2026-02-28 08:31:36,85.71,3.571,2.98
PUMP_B,2026-02-28 08:31:36,71.79,1.551,4.71
MOTOR_C,2026-02-28 08:31:36,68.33,1.593,3.94
COMPRESSOR_D,2026-02-28 08:31:36,73.74,1.23,4.22
PUMP_A,2026-02-28 08:31:38,92.72,3.242,2.23
PUMP_B,2026-02-28 08:31:38,70.32,1.973,4.74
MOTOR_C,2026-02-28 08:31:38,66.85,1.892,3.94
COMPRESSOR_D,2026-02-28 08:31:38,71.48,1.876,4.48
PUMP_A,2026-02-28 08:31:40,85.9,4.238,2.15
PUMP_B,2026-02-28 08:31:40,73.89,1.582,4.34
MOTOR_C,2026-02-28 08:31:40,62.8,1.198,4.1
COMPRESSOR_D,2026-02-28 08:31:40,69.76,1.816,3.84
PUMP_A,2026-02-28 08:31:42,86.22,4.415,2.2
PUMP_B,2026-02-28 08:31:42,65.31,1.689,4.7
MOTOR_C,2026-02-28 08:31:42,72.1,2.055,4.4
COMPRESSOR_D,2026-02-28 08:31:42,70.35,1.548,4.07
PUMP_A,2026-02-28 08:31:44,90.25,3.398,2.41
PUMP_B,2026-02-28 08:31:44,70.85,1.875,3.62
MOTOR_C,2026-02-28 08:31:44,63.95,1.155,4.37
COMPRESSOR_D,2026-02-28 08:31:44,67.68,1.277,3.8
PUMP_A,2026-02-28 08:31:46,87.14,3.923,2.04
PUMP_B,2026-02-28 08:31:46,68.35,1.69,4.21
MOTOR_C,2026-02-28 08:31:46,73.89,2.166,4.05
COMPRESSOR_D,2026-02-28 08:31:46,72.29,1.269,3.63
PUMP_A,2026-02-28 08:31:48,88.53,3.68,2.57
PUMP_B,2026-02-28 08:31:48,63.62,2.108,3.75
MOTOR_C,2026-02-28 08:31:48,64.35,2.379,4.15
COMPRESSOR_D,2026-02-28 08:31:48,65.14,1.0,4.77
PUMP_A,2026-02-28 08:31:50,88.33,4.2,2.57
PUMP_B,2026-02-28 08:31:50,68.24,1.51,4.34
MOTOR_C,2026-02-28 08:31:50,66.64,1.735,4.49
COMPRESSOR_D,2026-02-28 08:31:50,66.92,1.987,4.2
PUMP_A,2026-02-28 08:31:52,86.16,4.253,2.65
PUMP_B,2026-02-28 08:31:52,72.71,1.356,3.62
MOTOR_C,2026-02-28 08:31:52,70.66,2.039,4.53
COMPRESSOR_D,2026-02-28 08:31:52,63.49,1.323,4.71
PUMP_A,2026-02-28 08:31:54,88.35,4.091,2.92
PUMP_B,2026-02-28 08:31:54,62.67,1.787,3.66
MOTOR_C,2026-02-28 08:31:54,70.41,1.341,4.67
COMPRESSOR_D,2026-02-28 08:31:54,71.74,2.225,4.31
PUMP_A,2026-02-28 08:31:56,94.08,4.24,2.55
PUMP_B,2026-02-28 08:31:56,65.99,1.141,4.16
MOTOR_C,2026-02-28 08:31:56,70.62,1.085,4.34
COMPRESSOR_D,2026-02-28 08:31:56,64.66,1.435,4.07
PUMP_A,2026-02-28 08:31:58,93.78,4.351,2.59
PUMP_B,2026-02-28 08:31:58,72.01,2.179,4.23
MOTOR_C,2026-02-28 08:31:58,64.83,2.113,3.8
COMPRESSOR_D,2026-02-28 08:31:58,67.79,2.385,3.64
PUMP_A,2026-02-28 08:31:59,82.7,3.649,2.32
PUMP_B,2026-02-28 08:31:59,71.69,1.163,3.6
MOTOR_C,2026-02-28 08:31:59,68.62,2.317,3.88
COMPRESSOR_D,2026-02-28 08:31:59,63.01,2.163,4.45
PUMP_A,2026-02-28 08:32:01,86.54,4.388,2.02
PUMP_B,2026-02-28 08:32:01,70.67,2.248,4.15
MOTOR_C,2026-02-28 08:32:01,69.86,1.296,3.66
COMPRESSOR_D,2026-02-28 08:32:01,72.59,1.892,4.06
PUMP_A,2026-02-28 08:32:03,86.31,3.974,2.37
PUMP_B,2026-02-28 08:32:03,71.71,1.055,4.43
MOTOR_C,2026-02-28 08:32:03,66.63,1.1,4.73
COMPRESSOR_D,2026-02-28 08:32:03,68.53,2.312,4.75
PUMP_A,2026-02-28 08:32:05,90.16,3.79,2.21
PUMP_B,2026-02-28 08:32:05,68.41,1.007,4.19
MOTOR_C,2026-02-28 08:32:05,68.64,2.188,4.6
COMPRESSOR_D,2026-02-28 08:32:05,62.38,1.825,3.99
PUMP_A,2026-02-28 08:32:07,84.63,4.67,3.0
PUMP_B,2026-02-28 08:32:07,62.98,2.102,4.39
MOTOR_C,2026-02-28 08:32:07,68.5,1.481,4.41
COMPRESSOR_D,2026-02-28 08:32:07,68.34,2.087,4.3
PUMP_A,2026-02-28 08:32:09,93.01,3.371,2.36
PUMP_B,2026-02-28 08:32:09,62.16,1.692,3.89
MOTOR_C,2026-02-28 08:32:09,72.82,2.266,4.06
COMPRESSOR_D,2026-02-28 08:32:09,70.47,1.35,4.68
PUMP_A,2026-02-28 08:32:11,89.53,3.24,2.96
PUMP_B,2026-02-28 08:32:11,63.98,2.065,3.96
MOTOR_C,2026-02-28 08:32:11,67.38,1.517,4.32
COMPRESSOR_D,2026-02-28 08:32:11,67.6,2.021,4.65
PUMP_A,2026-02-28 08:32:13,85.86,3.289,2.62
PUMP_B,2026-02-28 08:32:13,64.69,1.921,3.71
MOTOR_C,2026-02-28 08:32:13,67.06,1.721,4.53
COMPRESSOR_D,2026-02-28 08:32:13,73.91,1.722,4.01
PUMP_A,2026-02-28 08:32:15,87.09,3.615,2.55
PUMP_B,2026-02-28 08:32:15,69.37,2.119,4.16
MOTOR_C,2026-02-28 08:32:15,62.93,1.282,4.6
COMPRESSOR_D,2026-02-28 08:32:15,65.18,1.858,4.47
PUMP_A,2026-02-28 08:32:17,90.31,3.236,2.9
PUMP_B,2026-02-28 08:32:17,67.81,2.376,3.62
MOTOR_C,2026-02-28 08:32:17,66.21,1.544,4.04
COMPRESSOR_D,2026-02-28 08:32:17,66.88,1.162,3.82
PUMP_A,2026-02-28 08:32:19,89.38,3.68,2.19
PUMP_B,2026-02-28 08:32:19,67.96,2.399,4.65
MOTOR_C,2026-02-28 08:32:19,68.38,1.079,4.67
COMPRESSOR_D,2026-02-28 08:32:19,69.61,1.804,4.44
PUMP_A,2026-02-28 08:32:21,85.66,4.409,2.35
PUMP_B,2026-02-28 08:32:21,62.18,1.396,4.04
MOTOR_C,2026-02-28 08:32:21,67.87,2.252,3.77
COMPRESSOR_D,2026-02-28 08:32:21,65.09,1.017,4.59
PUMP_A,2026-02-28 08:32:23,85.76,3.43,2.12
PUMP_B,2026-02-28 08:32:23,64.62,1.015,4.43
MOTOR_C,2026-02-28 08:32:23,70.89,1.978,4.63
COMPRESSOR_D,2026-02-28 08:32:23,69.03,1.8,3.7
PUMP_A,2026-02-28 08:32:25,89.68,4.05,2.82
PUMP_B,2026-02-28 08:32:25,63.57,1.125,4.33
MOTOR_C,2026-02-28 08:32:25,63.13,2.056,3.92
COMPRESSOR_D,2026-02-28 08:32:25,72.75,1.959,3.69
PUMP_A,2026-02-28 08:32:27,94.29,4.168,2.24
PUMP_B,2026-02-28 08:32:27,62.61,1.529,3.94
MOTOR_C,2026-02-28 08:32:27,65.55,2.084,4.26
COMPRESSOR_D,2026-02-28 08:32:27,67.82,1.229,3.95
PUMP_A,2026-02-28 08:32:29,85.62,3.501,2.99
PUMP_B,2026-02-28 08:32:29,73.89,2.295,4.22
MOTOR_C,2026-02-28 08:32:29,64.64,1.399,4.07
COMPRESSOR_D,2026-02-28 08:32:29,71.91,1.78,4.5
PUMP_A,2026-02-28 08:32:30,89.66,3.404,2.96
PUMP_B,2026-02-28 08:32:30,64.44,1.397,3.9
MOTOR_C,2026-02-28 08:32:30,70.14,1.175,4.64
COMPRESSOR_D,2026-02-28 08:32:30,72.81,1.625,4.67
PUMP_A,2026-02-28 08:32:32,87.17,4.778,2.15
PUMP_B,2026-02-28 08:32:32,71.55,1.095,4.3
MOTOR_C,2026-02-28 08:32:32,62.95,1.53,4.77
COMPRESSOR_D,2026-02-28 08:32:32,63.14,1.234,4.79
PUMP_A,2026-02-28 08:32:34,85.72,3.673,2.19
PUMP_B,2026-02-28 08:32:34,65.89,1.445,4.4
MOTOR_C,2026-02-28 08:32:34,65.97,1.183,4.64
COMPRESSOR_D,2026-02-28 08:32:34,66.07,1.081,4.53
PUMP_A,2026-02-28 08:32:36,94.23,3.644,2.53
PUMP_B,2026-02-28 08:32:36,70.71,1.158,4.32
MOTOR_C,2026-02-28 08:32:36,63.19,1.07,3.85
COMPRESSOR_D,2026-02-28 08:32:36,62.74,2.098,4.3
PUMP_A,2026-02-28 08:32:38,85.22,3.719,2.8
PUMP_B,2026-02-28 08:32:38,67.4,1.523,3.78
MOTOR_C,2026-02-28 08:32:38,62.42,1.902,3.79
COMPRESSOR_D,2026-02-28 08:32:38,65.34,1.484,4.69
PUMP_A,2026-02-28 08:32:40,91.27,3.799,2.71
PUMP_B,2026-02-28 08:32:40,70.27,1.534,4.69
MOTOR_C,2026-02-28 08:32:40,65.0,1.86,4.69
COMPRESSOR_D,2026-02-28 08:32:40,68.07,1.041,3.63
PUMP_A,2026-02-28 08:32:42,83.19,4.122,2.73
PUMP_B,2026-02-28 08:32:42,63.05,1.203,3.65
MOTOR_C,2026-02-28 08:32:42,71.24,2.071,3.67
COMPRESSOR_D,2026-02-28 08:32:42,69.63,2.206,4.61
PUMP_A,2026-02-28 08:32:44,84.43,4.562,2.36
PUMP_B,2026-02-28 08:32:44,72.37,1.143,4.71
MOTOR_C,2026-02-28 08:32:44,65.54,1.941,4.51
COMPRESSOR_D,2026-02-28 08:32:44,70.52,1.057,4.25
PUMP_A,2026-02-28 08:32:46,90.1,3.873,2.35
PUMP_B,2026-02-28 08:32:46,72.28,1.014,4.73
MOTOR_C,2026-02-28 08:32:46,62.05,1.826,4.42
COMPRESSOR_D,2026-02-28 08:32:46,64.35,1.712,4.25
PUMP_A,2026-02-28 08:32:48,82.29,3.494,2.45
PUMP_B,2026-02-28 08:32:48,67.43,1.93,4.72
MOTOR_C,2026-02-28 08:32:48,66.51,1.705,4.09
COMPRESSOR_D,2026-02-28 08:32:48,64.88,2.008,3.74
PUMP_A,2026-02-28 08:32:50,87.03,3.532,2.74
PUMP_B,2026-02-28 08:32:50,72.9,2.097,4.07
MOTOR_C,2026-02-28 08:32:50,73.9,1.491,4.23
COMPRESSOR_D,2026-02-28 08:32:50,66.76,1.731,4.13
PUMP_A,2026-02-28 08:32:52,84.37,4.771,2.5
PUMP_B,2026-02-28 08:32:52,64.31,1.077,3.76
MOTOR_C,2026-02-28 08:32:52,68.59,1.157,3.61
COMPRESSOR_D,2026-02-28 08:32:52,68.51,1.349,4.08
PUMP_A,2026-02-28 08:32:54,93.65,3.847,2.61
PUMP_B,2026-02-28 08:32:54,62.79,2.051,4.58
MOTOR_C,2026-02-28 08:32:54,68.86,2.214,4.75
COMPRESSOR_D,2026-02-28 08:32:54,67.37,1.115,4.59
PUMP_A,2026-02-28 08:32:56,93.45,3.398,2.23
PUMP_B,2026-02-28 08:32:56,65.3,1.803,4.5
MOTOR_C,2026-02-28 08:32:56,67.73,1.202,4.01
COMPRESSOR_D,2026-02-28 08:32:56,62.65,1.121,3.84
PUMP_A,2026-02-28 08:32:58,91.28,3.976,2.92
PUMP_B,2026-02-28 08:32:58,65.48,1.416,4.63
MOTOR_C,2026-02-28 08:32:58,64.7,2.054,4.12
COMPRESSOR_D,2026-02-28 08:32:58,69.66,2.207,3.99
PUMP_A,2026-02-28 08:33:00,82.38,3.266,2.07
PUMP_B,2026-02-28 08:33:00,63.03,1.092,3.65
MOTOR_C,2026-02-28 08:33:00,69.89,1.034,4.53
COMPRESSOR_D,2026-02-28 08:33:00,72.83,1.618,4.23
PUMP_A,2026-02-28 08:33:01,85.45,4.789,2.04
PUMP_B,2026-02-28 08:33:01,63.76,1.418,4.33
MOTOR_C,2026-02-28 08:33:01,66.16,2.149,4.63
COMPRESSOR_D,2026-02-28 08:33:01,72.17,2.194,4.17
PUMP_A,2026-02-28 08:33:03,91.9,3.201,2.15
PUMP_B,2026-02-28 08:33:03,68.87,1.396,3.81
MOTOR_C,2026-02-28 08:33:03,65.97,2.11,3.67
COMPRESSOR_D,2026-02-28 08:33:03,64.76,1.883,3.81
PUMP_A,2026-02-28 08:33:05,91.56,3.826,2.45
PUMP_B,2026-02-28 08:33:05,63.2,1.327,4.47
MOTOR_C,2026-02-28 08:33:05,73.79,1.405,3.93
COMPRESSOR_D,2026-02-28 08:33:05,65.32,2.025,4.46
PUMP_A,2026-02-28 08:33:07,92.35,4.553,2.06
PUMP_B,2026-02-28 08:33:07,65.18,2.211,4.15
MOTOR_C,2026-02-28 08:33:07,63.93,2.311,4.07
COMPRESSOR_D,2026-02-28 08:33:07,63.44,2.197,4.09
PUMP_A,2026-02-28 08:33:09,86.46,3.895,2.27
PUMP_B,2026-02-28 08:33:09,66.59,2.13,4.79
MOTOR_C,2026-02-28 08:33:09,72.26,2.222,3.75
COMPRESSOR_D,2026-02-28 08:33:09,64.67,1.986,4.75
PUMP_A,2026-02-28 08:33:11,91.28,3.788,2.8
PUMP_B,2026-02-28 08:33:11,70.13,1.384,3.74
MOTOR_C,2026-02-28 08:33:11,68.56,1.193,3.86
COMPRESSOR_D,2026-02-28 08:33:11,71.85,1.317,4.58
PUMP_A,2026-02-28 08:33:13,94.39,4.008,2.2
PUMP_B,2026-02-28 08:33:13,70.16,1.132,3.71
MOTOR_C,2026-02-28 08:33:13,67.88,1.767,4.44
COMPRESSOR_D,2026-02-28 08:33:13,65.25,2.273,4.54
PUMP_A,2026-02-28 08:33:15,89.32,3.29,3.0
PUMP_B,2026-02-28 08:33:15,70.88,2.228,4.02
MOTOR_C,2026-02-28 08:33:15,63.71,1.772,4.64
COMPRESSOR_D,2026-02-28 08:33:15,70.2,1.039,3.75
PUMP_A,2026-02-28 08:33:17,93.61,4.484,2.67
PUMP_B,2026-02-28 08:33:17,68.84,1.833,3.68
MOTOR_C,2026-02-28 08:33:17,70.57,2.146,4.36
COMPRESSOR_D,2026-02-28 08:33:17,67.44,2.178,3.81
PUMP_A,2026-02-28 08:33:19,83.34,4.76,2.04
PUMP_B,2026-02-28 08:33:19,72.89,1.911,4.12
MOTOR_C,2026-02-28 08:33:19,63.15,1.618,4.75
COMPRESSOR_D,2026-02-28 08:33:19,67.65,1.942,4.7
PUMP_A,2026-02-28 08:33:21,89.31,4.41,2.42
PUMP_B,2026-02-28 08:33:21,73.45,1.328,4.27
MOTOR_C,2026-02-28 08:33:21,64.92,1.202,4.02
COMPRESSOR_D,2026-02-28 08:33:21,66.44,2.068,4.71
PUMP_A,2026-02-28 08:33:23,89.8,3.896,2.56
PUMP_B,2026-02-28 08:33:23,69.49,1.432,4.59
MOTOR_C,2026-02-28 08:33:23,70.81,2.149,3.67
COMPRESSOR_D,2026-02-28 08:33:23,69.76,1.017,3.73
PUMP_A,2026-02-28 08:33:25,87.83,4.68,2.15
PUMP_B,2026-02-28 08:33:25,62.77,2.05,4.76
MOTOR_C,2026-02-28 08:33:25,68.28,1.994,3.73
COMPRESSOR_D,2026-02-28 08:33:25,71.32,1.77,3.88
PUMP_A,2026-02-28 08:33:27,88.22,4.071,2.01
PUMP_B,2026-02-28 08:33:27,73.79,1.259,3.98
MOTOR_C,2026-02-28 08:33:27,63.78,1.239,4.07
COMPRESSOR_D,2026-02-28 08:33:27,65.75,1.886,4.03
PUMP_A,2026-02-28 08:33:29,93.72,3.981,2.34
PUMP_B,2026-02-28 08:33:29,68.42,2.064,4.47
MOTOR_C,2026-02-28 08:33:29,63.36,1.748,4.54
COMPRESSOR_D,2026-02-28 08:33:29,65.76,1.068,4.61
PUMP_A,2026-02-28 08:33:31,82.95,3.91,2.66
PUMP_B,2026-02-28 08:33:31,64.09,1.393,4.21
MOTOR_C,2026-02-28 08:33:31,72.14,1.642,4.06
COMPRESSOR_D,2026-02-28 08:33:31,69.39,1.955,3.82
PUMP_A,2026-02-28 08:33:32,83.05,4.719,2.19
PUMP_B,2026-02-28 08:33:32,72.56,1.694,4.3
MOTOR_C,2026-02-28 08:33:32,66.54,2.331,4.24
COMPRESSOR_D,2026-02-28 08:33:32,72.11,1.484,3.75
PUMP_A,2026-02-28 08:33:34,82.88,4.645,2.67
PUMP_B,2026-02-28 08:33:34,73.77,1.915,3.64
MOTOR_C,2026-02-28 08:33:34,68.22,1.755,4.09
COMPRESSOR_D,2026-02-28 08:33:34,65.99,1.498,4.17
PUMP_A,2026-02-28 08:33:36,91.59,4.394,2.87
PUMP_B,2026-02-28 08:33:36,71.53,1.574,4.25
MOTOR_C,2026-02-28 08:33:36,62.99,2.389,3.64
COMPRESSOR_D,2026-02-28 08:33:36,63.72,1.492,4.12
PUMP_A,2026-02-28 08:33:38,87.16,4.524,2.68
PUMP_B,2026-02-28 08:33:38,71.66,1.275,3.68
MOTOR_C,2026-02-28 08:33:38,63.07,1.258,4.78
COMPRESSOR_D,2026-02-28 08:33:38,66.74,1.969,3.6
PUMP_A,2026-02-28 08:33:40,94.38,4.458,2.85
PUMP_B,2026-02-28 08:33:40,69.09,1.39,3.91
MOTOR_C,2026-02-28 08:33:40,68.12,1.661,4.06
COMPRESSOR_D,2026-02-28 08:33:40,73.16,1.035,3.8
PUMP_A,2026-02-28 08:33:42,92.06,3.391,2.87
PUMP_B,2026-02-28 08:33:42,62.21,1.018,4.66
MOTOR_C,2026-02-28 08:33:42,73.36,2.113,4.09
COMPRESSOR_D,2026-02-28 08:33:42,70.23,2.137,4.74
PUMP_A,2026-02-28 08:33:44,92.51,4.438,2.73
PUMP_B,2026-02-28 08:33:44,65.65,1.375,4.79
MOTOR_C,2026-02-28 08:33:44,62.79,1.395,4.26
COMPRESSOR_D,2026-02-28 08:33:44,72.16,2.176,4.45
PUMP_A,2026-02-28 08:33:46,85.68,4.261,2.98
PUMP_B,2026-02-28 08:33:46,66.76,1.063,3.63
MOTOR_C,2026-02-28 08:33:46,71.4,1.619,4.42
COMPRESSOR_D,2026-02-28 08:33:46,69.7,1.537,4.43
PUMP_A,2026-02-28 08:33:48,88.61,4.159,2.03
PUMP_B,2026-02-28 08:33:48,67.28,2.375,4.17
MOTOR_C,2026-02-28 08:33:48,70.95,2.08,4.71
COMPRESSOR_D,2026-02-28 08:33:48,70.99,1.398,4.09
PUMP_A,2026-02-28 08:33:50,87.99,3.877,2.35
PUMP_B,2026-02-28 08:33:50,69.31,1.74,4.69
MOTOR_C,2026-02-28 08:33:50,68.28,2.208,3.99
COMPRESSOR_D,2026-02-28 08:33:50,71.46,1.257,4.74
PUMP_A,2026-02-28 08:33:52,89.28,4.055,2.41
PUMP_B,2026-02-28 08:33:52,73.25,2.282,3.92
MOTOR_C,2026-02-28 08:33:52,68.61,1.679,3.64
COMPRESSOR_D,2026-02-28 08:33:52,68.32,2.089,4.2
PUMP_A,2026-02-28 08:33:54,86.8,3.266,2.12
PUMP_B,2026-02-28 08:33:54,68.02,1.27,3.69
MOTOR_C,2026-02-28 08:33:54,71.76,1.738,4.62
COMPRESSOR_D,2026-02-28 08:33:54,72.57,2.092,3.81
PUMP_A,2026-02-28 08:33:56,84.78,3.732,2.94
PUMP_B,2026-02-28 08:33:56,71.15,1.301,4.07
MOTOR_C,2026-02-28 08:33:56,68.56,1.068,4.03
COMPRESSOR_D,2026-02-28 08:33:56,64.28,1.224,4.79
PUMP_A,2026-02-28 08:33:58,90.62,3.76,2.93
PUMP_B,2026-02-28 08:33:58,66.29,1.734,4.69
MOTOR_C,2026-02-28 08:33:58,64.95,1.939,3.86
COMPRESSOR_D,2026-02-28 08:33:58,73.48,2.005,4.24
PUMP_A,2026-02-28 08:34:00,84.49,3.323,2.75
PUMP_B,2026-02-28 08:34:00,65.08,1.518,3.73
MOTOR_C,2026-02-28 08:34:00,64.33,1.649,3.88
COMPRESSOR_D,2026-02-28 08:34:00,65.96,1.564,4.47
PUMP_A,2026-02-28 08:34:02,87.42,4.104,2.77
PUMP_B,2026-02-28 08:34:02,69.75,1.047,4.53
MOTOR_C,2026-02-28 08:34:02,68.62,2.267,4.1
COMPRESSOR_D,2026-02-28 08:34:02,66.1,2.247,3.83
PUMP_A,2026-02-28 08:34:03,94.34,3.358,2.74
PUMP_B,2026-02-28 08:34:03,65.27,1.757,4.46
MOTOR_C,2026-02-28 08:34:03,72.2,1.113,4.61
COMPRESSOR_D,2026-02-28 08:34:03,72.85,2.306,4.15
PUMP_A,2026-02-28 08:34:05,91.84,4.665,2.13
PUMP_B,2026-02-28 08:34:05,70.41,2.308,3.76
MOTOR_C,2026-02-28 08:34:05,70.72,2.314,4.37
COMPRESSOR_D,2026-02-28 08:34:05,64.96,1.776,4.37
PUMP_A,2026-02-28 08:34:07,90.98,4.491,2.46
PUMP_B,2026-02-28 08:34:07,66.24,2.018,4.38
MOTOR_C,2026-02-28 08:34:07,63.74,1.345,4.75
COMPRESSOR_D,2026-02-28 08:34:07,69.06,1.101,4.74
PUMP_A,2026-02-28 08:34:09,88.46,4.026,2.56
PUMP_B,2026-02-28 08:34:09,71.57,1.09,3.98
MOTOR_C,2026-02-28 08:34:09,69.29,2.283,3.68
COMPRESSOR_D,2026-02-28 08:34:09,73.53,2.237,4.37
PUMP_A,2026-02-28 08:34:11,86.2,3.584,2.96
PUMP_B,2026-02-28 08:34:11,63.91,2.244,4.65
MOTOR_C,2026-02-28 08:34:11,67.54,2.086,3.96
COMPRESSOR_D,2026-02-28 08:34:11,73.79,2.254,4.79
PUMP_A,2026-02-28 08:34:13,86.16,3.92,2.27
PUMP_B,2026-02-28 08:34:13,63.16,1.69,4.07
MOTOR_C,2026-02-28 08:34:13,69.72,2.285,3.85
COMPRESSOR_D,2026-02-28 08:34:13,66.71,1.414,4.27
PUMP_A,2026-02-28 08:34:15,82.72,4.648,2.07
PUMP_B,2026-02-28 08:34:15,69.92,1.639,4.27
MOTOR_C,2026-02-28 08:34:15,69.78,1.382,4.37
COMPRESSOR_D,2026-02-28 08:34:15,68.91,2.338,4.08
PUMP_A,2026-02-28 08:34:17,94.32,4.044,2.83
PUMP_B,2026-02-28 08:34:17,63.58,2.203,3.66
MOTOR_C,2026-02-28 08:34:17,67.75,1.011,4.06
COMPRESSOR_D,2026-02-28 08:34:17,62.89,1.465,4.08
PUMP_A,2026-02-28 08:34:19,94.01,3.429,2.42
PUMP_B,2026-02-28 08:34:19,73.69,1.921,3.66
MOTOR_C,2026-02-28 08:34:19,68.16,2.145,3.71
COMPRESSOR_D,2026-02-28 08:34:19,67.59,1.959,3.96
PUMP_A,2026-02-28 08:34:21,86.15,3.442,2.41
PUMP_B,2026-02-28 08:34:21,73.33,2.278,4.36
MOTOR_C,2026-02-28 08:34:21,70.69,1.343,4.31
COMPRESSOR_D,2026-02-28 08:34:21,71.1,1.706,3.9
PUMP_A,2026-02-28 08:34:23,91.72,3.485,2.59
PUMP_B,2026-02-28 08:34:23,71.95,1.848,4.57
MOTOR_C,2026-02-28 08:34:23,63.43,1.155,4.25
COMPRESSOR_D,2026-02-28 08:34:23,64.38,2.319,3.92
PUMP_A,2026-02-28 08:34:25,86.66,3.5,2.29
PUMP_B,2026-02-28 08:34:25,62.43,2.124,3.96
MOTOR_C,2026-02-28 08:34:25,64.06,1.766,4.03
COMPRESSOR_D,2026-02-28 08:34:25,67.15,2.34,4.23
PUMP_A,2026-02-28 08:34:27,89.81,3.786,2.65
PUMP_B,2026-02-28 08:34:27,70.72,1.987,4.36
MOTOR_C,2026-02-28 08:34:27,62.37,1.763,4.71
COMPRESSOR_D,2026-02-28 08:34:27,71.96,2.168,4.34
PUMP_A,2026-02-28 08:34:29,87.75,4.023,2.03
PUMP_B,2026-02-28 08:34:29,66.99,1.777,3.91
MOTOR_C,2026-02-28 08:34:29,67.82,2.233,3.73
COMPRESSOR_D,2026-02-28 08:34:29,66.2,2.209,3.85
PUMP_A,2026-02-28 08:34:31,84.09,3.532,2.21
PUMP_B,2026-02-28 08:34:31,62.8,1.6,4.45
MOTOR_C,2026-02-28 08:34:31,64.47,2.212,4.33
COMPRESSOR_D,2026-02-28 08:34:31,70.64,1.975,4.1
PUMP_A,2026-02-28 08:34:33,92.93,4.553,2.92
PUMP_B,2026-02-28 08:34:33,71.57,2.318,4.77
MOTOR_C,2026-02-28 08:34:33,71.37,1.348,4.25
COMPRESSOR_D,2026-02-28 08:34:33,62.98,1.27,3.76
PUMP_A,2026-02-28 08:34:34,90.55,4.759,2.3
PUMP_B,2026-02-28 08:34:34,72.62,2.371,3.8
MOTOR_C,2026-02-28 08:34:34,73.86,2.398,3.69
COMPRESSOR_D,2026-02-28 08:34:34,65.22,1.426,4.34
PUMP_A,2026-02-28 08:34:36,83.4,3.801,2.92
PUMP_B,2026-02-28 08:34:36,69.05,2.036,4.69
MOTOR_C,2026-02-28 08:34:36,64.08,1.912,3.78
COMPRESSOR_D,2026-02-28 08:34:36,73.73,2.305,4.14
PUMP_A,2026-02-28 08:34:38,82.45,3.369,2.68
PUMP_B,2026-02-28 08:34:38,62.65,1.993,4.19
MOTOR_C,2026-02-28 08:34:38,67.54,1.021,4.39
COMPRESSOR_D,2026-02-28 08:34:38,62.51,1.472,3.88
PUMP_A,2026-02-28 08:34:40,87.19,4.663,2.08
PUMP_B,2026-02-28 08:34:40,70.0,1.803,3.73
MOTOR_C,2026-02-28 08:34:40,63.83,1.757,4.19
COMPRESSOR_D,2026-02-28 08:34:40,68.34,2.292,4.13
PUMP_A,2026-02-28 08:34:42,84.69,3.766,2.63
PUMP_B,2026-02-28 08:34:42,71.87,2.399,3.99
MOTOR_C,2026-02-28 08:34:42,69.92,1.13,3.64
COMPRESSOR_D,2026-02-28 08:34:42,70.5,1.663,4.74
PUMP_A,2026-02-28 08:34:44,92.72,4.651,2.49
PUMP_B,2026-02-28 08:34:44,71.85,1.569,3.91
MOTOR_C,2026-02-28 08:34:44,70.14,1.639,3.68
COMPRESSOR_D,2026-02-28 08:34:44,67.59,1.906,3.97
PUMP_A,2026-02-28 08:34:46,88.03,3.462,2.47
PUMP_B,2026-02-28 08:34:46,66.64,2.246,4.18
MOTOR_C,2026-02-28 08:34:46,72.04,2.228,3.61
COMPRESSOR_D,2026-02-28 08:34:46,65.54,2.073,4.68
PUMP_A,2026-02-28 08:34:48,82.56,3.958,2.4
PUMP_B,2026-02-28 08:34:48,65.12,1.941,3.89
MOTOR_C,2026-02-28 08:34:48,73.75,1.662,4.61
COMPRESSOR_D,2026-02-28 08:34:48,66.26,1.516,4.27
PUMP_A,2026-02-28 08:34:50,94.54,4.793,2.91
PUMP_B,2026-02-28 08:34:50,68.43,2.215,4.59
MOTOR_C,2026-02-28 08:34:50,71.41,1.28,3.86
COMPRESSOR_D,2026-02-28 08:34:50,62.5,1.388,4.63
PUMP_A,2026-02-28 08:34:52,93.07,4.734,2.78
PUMP_B,2026-02-28 08:34:52,70.48,2.027,4.58
MOTOR_C,2026-02-28 08:34:52,69.71,1.355,3.72
COMPRESSOR_D,2026-02-28 08:34:52,64.42,1.693,4.79
PUMP_A,2026-02-28 08:34:54,93.59,3.206,2.48
PUMP_B,2026-02-28 08:34:54,65.16,2.315,3.86
MOTOR_C,2026-02-28 08:34:54,65.18,1.97,4.27
COMPRESSOR_D,2026-02-28 08:34:54,72.48,1.983,3.81
PUMP_A,2026-02-28 08:34:56,87.57,3.376,2.26
PUMP_B,2026-02-28 08:34:56,72.47,1.764,4.52
MOTOR_C,2026-02-28 08:34:56,68.93,1.588,4.6
COMPRESSOR_D,2026-02-28 08:34:56,73.76,1.932,4.1
PUMP_A,2026-02-28 08:34:58,87.94,4.498,2.08
PUMP_B,2026-02-28 08:34:58,67.88,2.222,4.55
MOTOR_C,2026-02-28 08:34:58,64.01,1.797,4.0
COMPRESSOR_D,2026-02-28 08:34:58,68.85,1.474,3.81
PUMP_A,2026-02-28 08:35:00,90.53,3.241,2.09
PUMP_B,2026-02-28 08:35:00,73.82,1.255,3.91
MOTOR_C,2026-02-28 08:35:00,62.74,2.114,4.32
COMPRESSOR_D,2026-02-28 08:35:00,69.09,1.655,4.48
PUMP_A,2026-02-28 08:35:02,83.24,3.864,2.52
PUMP_B,2026-02-28 08:35:02,70.38,1.666,3.61
MOTOR_C,2026-02-28 08:35:02,72.49,1.922,4.48
COMPRESSOR_D,2026-02-28 08:35:02,69.84,1.545,4.49
PUMP_A,2026-02-28 08:35:04,94.95,4.207,2.4
PUMP_B,2026-02-28 08:35:04,68.53,1.626,4.74
MOTOR_C,2026-02-28 08:35:04,66.3,1.343,3.62
COMPRESSOR_D,2026-02-28 08:35:04,67.48,1.687,4.63
PUMP_A,2026-02-28 08:35:05,92.85,3.663,2.87
PUMP_B,2026-02-28 08:35:05,64.2,1.406,3.9
MOTOR_C,2026-02-28 08:35:05,69.5,2.344,4.5
COMPRESSOR_D,2026-02-28 08:35:05,68.83,1.171,3.74
PUMP_A,2026-02-28 08:35:07,82.4,3.449,2.93
PUMP_B,2026-02-28 08:35:07,63.65,1.285,4.62
MOTOR_C,2026-02-28 08:35:07,63.24,2.193,4.7
COMPRESSOR_D,2026-02-28 08:35:07,73.76,1.27,4.38
PUMP_A,2026-02-28 08:35:09,93.33,4.113,2.7
PUMP_B,2026-02-28 08:35:09,66.39,2.184,4.5
MOTOR_C,2026-02-28 08:35:09,63.66,1.409,3.88
COMPRESSOR_D,2026-02-28 08:35:09,72.47,1.575,3.75
PUMP_A,2026-02-28 08:35:11,82.01,3.841,2.61
PUMP_B,2026-02-28 08:35:11,71.55,1.32,4.03
MOTOR_C,2026-02-28 08:35:11,71.65,2.388,4.06
COMPRESSOR_D,2026-02-28 08:35:11,68.24,1.288,4.07
PUMP_A,2026-02-28 08:35:13,88.04,3.516,2.48
PUMP_B,2026-02-28 08:35:13,69.44,2.203,4.71
MOTOR_C,2026-02-28 08:35:13,73.5,1.778,4.42
COMPRESSOR_D,2026-02-28 08:35:13,64.98,1.604,4.24
PUMP_A,2026-02-28 08:35:15,83.95,4.051,2.57
PUMP_B,2026-02-28 08:35:15,66.14,1.217,3.89
MOTOR_C,2026-02-28 08:35:15,73.97,1.218,4.49
COMPRESSOR_D,2026-02-28 08:35:15,68.67,1.615,3.98
PUMP_A,2026-02-28 08:35:17,92.28,3.668,2.2
PUMP_B,2026-02-28 08:35:17,68.39,2.247,4.8
MOTOR_C,2026-02-28 08:35:17,65.29,1.318,4.52
COMPRESSOR_D,2026-02-28 08:35:17,62.43,1.079,4.67
PUMP_A,2026-02-28 08:35:19,86.52,4.637,2.89
PUMP_B,2026-02-28 08:35:19,73.9,2.103,4.74
MOTOR_C,2026-02-28 08:35:19,62.77,2.356,3.88
COMPRESSOR_D,2026-02-28 08:35:19,73.58,1.415,4.28
PUMP_A,2026-02-28 08:35:21,93.57,4.38,2.5
PUMP_B,2026-02-28 08:35:21,63.99,1.936,4.04
MOTOR_C,2026-02-28 08:35:21,69.98,1.726,4.51
COMPRESSOR_D,2026-02-28 08:35:21,68.53,2.196,4.01
PUMP_A,2026-02-28 08:35:23,93.84,3.575,2.8
PUMP_B,2026-02-28 08:35:23,62.65,1.755,3.94
MOTOR_C,2026-02-28 08:35:23,66.05,2.288,3.8
COMPRESSOR_D,2026-02-28 08:35:23,64.08,1.004,4.04
PUMP_A,2026-02-28 08:35:25,83.4,3.512,2.7
PUMP_B,2026-02-28 08:35:25,63.02,1.848,4.53
MOTOR_C,2026-02-28 08:35:25,64.42,2.281,3.76
COMPRESSOR_D,2026-02-28 08:35:25,67.05,1.307,4.57
PUMP_A,2026-02-28 08:35:27,82.71,4.023,2.21
PUMP_B,2026-02-28 08:35:27,73.86,1.278,3.64
MOTOR_C,2026-02-28 08:35:27,69.11,2.303,4.21
COMPRESSOR_D,2026-02-28 08:35:27,68.54,1.753,4.29
PUMP_A,2026-02-28 08:35:29,92.65,4.642,2.59
PUMP_B,2026-02-28 08:35:29,72.86,1.023,4.39
MOTOR_C,2026-02-28 08:35:29,71.62,1.925,4.07
COMPRESSOR_D,2026-02-28 08:35:29,73.09,1.079,4.59
PUMP_A,2026-02-28 08:35:31,85.33,3.289,2.9
PUMP_B,2026-02-28 08:35:31,66.66,1.391,3.87
MOTOR_C,2026-02-28 08:35:31,69.73,2.282,4.24
COMPRESSOR_D,2026-02-28 08:35:31,72.04,1.079,3.69
PUMP_A,2026-02-28 08:35:33,91.18,4.362,2.14
PUMP_B,2026-02-28 08:35:33,63.39,1.712,3.95
MOTOR_C,2026-02-28 08:35:33,70.66,2.263,4.0
COMPRESSOR_D,2026-02-28 08:35:33,67.26,1.904,4.55
PUMP_A,2026-02-28 08:35:35,93.02,4.456,2.25
PUMP_B,2026-02-28 08:35:35,63.49,1.504,4.3
MOTOR_C,2026-02-28 08:35:35,73.88,1.005,3.81
COMPRESSOR_D,2026-02-28 08:35:35,70.36,1.117,3.74
PUMP_A,2026-02-28 08:35:37,94.23,3.628,2.13
PUMP_B,2026-02-28 08:35:37,71.3,2.158,4.57
MOTOR_C,2026-02-28 08:35:37,63.04,1.36,4.08
COMPRESSOR_D,2026-02-28 08:35:37,72.19,1.879,3.75
PUMP_A,2026-02-28 08:35:38,94.14,3.435,2.75
PUMP_B,2026-02-28 08:35:38,63.6,2.3,4.74
MOTOR_C,2026-02-28 08:35:38,71.32,1.344,4.56
COMPRESSOR_D,2026-02-28 08:35:38,73.21,1.943,4.12
PUMP_A,2026-02-28 08:35:40,84.34,4.597,2.58
PUMP_B,2026-02-28 08:35:40,65.63,1.71,4.51
MOTOR_C,2026-02-28 08:35:40,66.27,1.686,4.17
COMPRESSOR_D,2026-02-28 08:35:40,72.8,1.772,3.95
PUMP_A,2026-02-28 08:35:42,90.69,4.16,2.53
PUMP_B,2026-02-28 08:35:42,64.59,1.154,4.13
MOTOR_C,2026-02-28 08:35:42,62.17,1.221,4.1
COMPRESSOR_D,2026-02-28 08:35:42,72.77,2.348,4.11
PUMP_A,2026-02-28 08:35:44,87.61,4.009,2.46
PUMP_B,2026-02-28 08:35:44,64.89,2.14,4.72
MOTOR_C,2026-02-28 08:35:44,65.97,2.08,4.51
COMPRESSOR_D,2026-02-28 08:35:44,64.13,1.375,4.26
PUMP_A,2026-02-28 08:35:46,92.06,4.766,2.65
PUMP_B,2026-02-28 08:35:46,72.04,1.09,3.96
MOTOR_C,2026-02-28 08:35:46,64.13,1.916,4.67
COMPRESSOR_D,2026-02-28 08:35:46,71.99,1.302,3.71
PUMP_A,2026-02-28 08:35:48,88.24,4.385,2.63
PUMP_B,2026-02-28 08:35:48,71.99,1.438,3.69
MOTOR_C,2026-02-28 08:35:48,69.3,1.78,3.61
COMPRESSOR_D,2026-02-28 08:35:48,72.11,2.059,4.19
PUMP_A,2026-02-28 08:35:50,82.87,3.501,2.01
PUMP_B,2026-02-28 08:35:50,63.41,1.357,3.98
MOTOR_C,2026-02-28 08:35:50,71.66,1.932,3.64
COMPRESSOR_D,2026-02-28 08:35:50,69.37,1.98,4.61
PUMP_A,2026-02-28 08:35:52,93.2,4.136,2.8
PUMP_B,2026-02-28 08:35:52,69.34,1.819,4.79
MOTOR_C,2026-02-28 08:35:52,73.11,2.054,4.12
COMPRESSOR_D,2026-02-28 08:35:52,70.44,2.385,3.64
PUMP_A,2026-02-28 08:35:54,82.89,3.203,2.21
PUMP_B,2026-02-28 08:35:54,68.33,1.857,4.48
MOTOR_C,2026-02-28 08:35:54,64.86,2.371,4.37
COMPRESSOR_D,2026-02-28 08:35:54,71.37,1.345,4.36
PUMP_A,2026-02-28 08:35:56,94.26,3.405,2.91
PUMP_B,2026-02-28 08:35:56,73.41,1.606,4.5
MOTOR_C,2026-02-28 08:35:56,63.17,1.563,3.84
COMPRESSOR_D,2026-02-28 08:35:56,73.52,1.994,4.03
PUMP_A,2026-02-28 08:35:58,82.77,3.738,2.59
PUMP_B,2026-02-28 08:35:58,73.63,2.303,4.4
MOTOR_C,2026-02-28 08:35:58,68.58,1.805,4.47
COMPRESSOR_D,2026-02-28 08:35:58,73.03,1.64,4.14
PUMP_A,2026-02-28 08:36:00,91.31,3.343,2.81
PUMP_B,2026-02-28 08:36:00,66.9,2.113,3.76
MOTOR_C,2026-02-28 08:36:00,63.05,1.344,4.71
COMPRESSOR_D,2026-02-28 08:36:00,70.28,2.21,4.53
PUMP_A,2026-02-28 08:36:02,87.64,4.267,2.81
PUMP_B,2026-02-28 08:36:02,69.02,2.172,4.38
MOTOR_C,2026-02-28 08:36:02,69.8,1.783,4.76
COMPRESSOR_D,2026-02-28 08:36:02,70.57,1.574,3.83
PUMP_A,2026-02-28 08:36:04,82.91,4.726,2.66
PUMP_B,2026-02-28 08:36:04,73.18,1.088,4.1
MOTOR_C,2026-02-28 08:36:04,62.24,1.206,4.14
COMPRESSOR_D,2026-02-28 08:36:04,73.96,2.292,3.79
PUMP_A,2026-02-28 08:36:06,90.06,4.024,2.52
PUMP_B,2026-02-28 08:36:06,68.32,1.758,4.75
MOTOR_C,2026-02-28 08:36:06,67.14,1.461,4.77
COMPRESSOR_D,2026-02-28 08:36:06,71.91,1.446,4.66
PUMP_A,2026-02-28 08:36:08,88.95,3.215,2.22
PUMP_B,2026-02-28 08:36:08,65.08,1.142,3.78
MOTOR_C,2026-02-28 08:36:08,67.58,1.171,4.11
COMPRESSOR_D,2026-02-28 08:36:08,64.78,1.9,4.62
PUMP_A,2026-02-28 08:36:09,91.56,3.248,2.19
PUMP_B,2026-02-28 08:36:09,65.1,1.052,3.72
MOTOR_C,2026-02-28 08:36:09,73.73,2.353,4.28
COMPRESSOR_D,2026-02-28 08:36:09,63.76,1.135,4.68
PUMP_A,2026-02-28 08:36:11,94.44,3.381,2.94
PUMP_B,2026-02-28 08:36:11,64.3,1.831,4.02
MOTOR_C,2026-02-28 08:36:11,67.57,1.441,4.25
COMPRESSOR_D,2026-02-28 08:36:11,68.53,1.711,4.73
PUMP_A,2026-02-28 08:36:13,87.79,3.994,2.39
PUMP_B,2026-02-28 08:36:13,67.6,1.119,4.32
MOTOR_C,2026-02-28 08:36:13,65.2,1.417,3.73
COMPRESSOR_D,2026-02-28 08:36:13,70.63,1.205,3.69
PUMP_A,2026-02-28 08:36:15,89.8,3.715,2.41
PUMP_B,2026-02-28 08:36:15,72.8,2.174,4.46
MOTOR_C,2026-02-28 08:36:15,72.63,1.272,3.69
COMPRESSOR_D,2026-02-28 08:36:15,66.33,1.553,4.44
PUMP_A,2026-02-28 08:36:17,87.26,3.575,2.05
PUMP_B,2026-02-28 08:36:17,73.01,1.309,4.13
MOTOR_C,2026-02-28 08:36:17,67.68,1.838,4.54
COMPRESSOR_D,2026-02-28 08:36:17,70.29,1.278,4.24
PUMP_A,2026-02-28 08:36:19,92.16,3.632,2.93
PUMP_B,2026-02-28 08:36:19,63.57,1.219,4.44
MOTOR_C,2026-02-28 08:36:19,66.96,2.001,4.56
COMPRESSOR_D,2026-02-28 08:36:19,73.46,1.242,4.37
PUMP_A,2026-02-28 08:36:21,93.23,3.853,2.1
PUMP_B,2026-02-28 08:36:21,71.19,2.082,4.53
MOTOR_C,2026-02-28 08:36:21,65.34,1.057,4.7
COMPRESSOR_D,2026-02-28 08:36:21,66.7,1.758,3.97
PUMP_A,2026-02-28 08:36:23,88.71,3.645,2.9
PUMP_B,2026-02-28 08:36:23,65.79,1.287,4.67
MOTOR_C,2026-02-28 08:36:23,72.77,1.339,3.76
COMPRESSOR_D,2026-02-28 08:36:23,70.95,1.774,3.69
PUMP_A,2026-02-28 08:36:25,92.74,3.389,2.54
PUMP_B,2026-02-28 08:36:25,66.7,1.349,4.23
MOTOR_C,2026-02-28 08:36:25,70.24,1.727,4.58
COMPRESSOR_D,2026-02-28 08:36:25,65.43,2.382,4.26
PUMP_A,2026-02-28 08:36:27,91.85,4.787,2.21
PUMP_B,2026-02-28 08:36:27,69.51,1.066,4.45
MOTOR_C,2026-02-28 08:36:27,73.51,1.613,4.41
COMPRESSOR_D,2026-02-28 08:36:27,67.18,1.637,4.77
PUMP_A,2026-02-28 08:36:29,84.5,3.77,2.17
PUMP_B,2026-02-28 08:36:29,62.01,1.729,3.76
MOTOR_C,2026-02-28 08:36:29,70.85,1.445,3.98
COMPRESSOR_D,2026-02-28 08:36:29,68.05,1.905,4.62
PUMP_A,2026-02-28 08:36:31,91.69,3.381,2.27
PUMP_B,2026-02-28 08:36:31,65.36,2.371,3.73
MOTOR_C,2026-02-28 08:36:31,66.23,1.863,4.61
COMPRESSOR_D,2026-02-28 08:36:31,65.67,1.35,4.03
PUMP_A,2026-02-28 08:36:33,93.39,4.083,2.28
PUMP_B,2026-02-28 08:36:33,73.51,2.035,4.29
MOTOR_C,2026-02-28 08:36:33,72.3,1.94,4.18
COMPRESSOR_D,2026-02-28 08:36:33,71.37,1.263,4.21
PUMP_A,2026-02-28 08:36:35,94.37,4.322,2.89
PUMP_B,2026-02-28 08:36:35,64.19,2.047,4.26
MOTOR_C,2026-02-28 08:36:35,68.4,1.613,4.08
COMPRESSOR_D,2026-02-28 08:36:35,66.82,1.515,4.07
PUMP_A,2026-02-28 08:36:37,88.22,3.297,2.67
PUMP_B,2026-02-28 08:36:37,70.79,1.991,3.87
MOTOR_C,2026-02-28 08:36:37,64.01,2.301,3.86
COMPRESSOR_D,2026-02-28 08:36:37,66.31,1.597,3.62
PUMP_A,2026-02-28 08:36:39,84.84,3.483,2.03
PUMP_B,2026-02-28 08:36:39,66.53,1.888,4.58
MOTOR_C,2026-02-28 08:36:39,62.33,2.246,4.13
COMPRESSOR_D,2026-02-28 08:36:39,69.86,2.213,3.94
PUMP_A,2026-02-28 08:36:40,85.69,3.769,2.46
PUMP_B,2026-02-28 08:36:40,68.15,1.738,4.75
MOTOR_C,2026-02-28 08:36:40,66.54,2.036,4.25
COMPRESSOR_D,2026-02-28 08:36:40,64.04,2.045,3.8
PUMP_A,2026-02-28 08:36:42,84.57,3.645,2.13
PUMP_B,2026-02-28 08:36:42,70.54,1.538,4.37
MOTOR_C,2026-02-28 08:36:42,69.1,1.83,4.43
COMPRESSOR_D,2026-02-28 08:36:42,63.45,2.259,3.9
PUMP_A,2026-02-28 08:36:44,87.83,4.032,2.01
PUMP_B,2026-02-28 08:36:44,73.87,1.952,3.87
MOTOR_C,2026-02-28 08:36:44,68.16,1.119,4.61
COMPRESSOR_D,2026-02-28 08:36:44,69.46,1.801,4.27
PUMP_A,2026-02-28 08:36:46,92.2,4.2,2.93
PUMP_B,2026-02-28 08:36:46,71.34,1.686,3.88
MOTOR_C,2026-02-28 08:36:46,67.54,1.122,4.24
COMPRESSOR_D,2026-02-28 08:36:46,62.7,2.088,3.7
PUMP_A,2026-02-28 08:36:48,89.24,4.499,2.3
PUMP_B,2026-02-28 08:36:48,63.99,2.344,4.27
MOTOR_C,2026-02-28 08:36:48,69.58,1.061,3.74
COMPRESSOR_D,2026-02-28 08:36:48,63.66,1.079,4.27
PUMP_A,2026-02-28 08:36:50,86.85,3.537,2.91
PUMP_B,2026-02-28 08:36:50,70.01,1.702,4.46
MOTOR_C,2026-02-28 08:36:50,72.76,1.392,4.12
COMPRESSOR_D,2026-02-28 08:36:50,71.11,1.666,4.77
PUMP_A,2026-02-28 08:36:52,89.16,4.31,2.28
PUMP_B,2026-02-28 08:36:52,65.19,1.222,3.91
MOTOR_C,2026-02-28 08:36:52,70.42,1.099,4.58
COMPRESSOR_D,2026-02-28 08:36:52,66.92,1.547,3.91
PUMP_A,2026-02-28 08:36:54,91.5,3.812,2.53
PUMP_B,2026-02-28 08:36:54,67.5,2.161,4.08
MOTOR_C,2026-02-28 08:36:54,72.82,2.153,3.98
COMPRESSOR_D,2026-02-28 08:36:54,63.19,2.051,4.28
PUMP_A,2026-02-28 08:36:56,92.84,3.256,2.06
PUMP_B,2026-02-28 08:36:56,72.87,2.135,4.59
MOTOR_C,2026-02-28 08:36:56,72.26,1.581,4.67
COMPRESSOR_D,2026-02-28 08:36:56,70.55,2.134,3.69
PUMP_A,2026-02-28 08:36:58,89.01,4.191,2.91
PUMP_B,2026-02-28 08:36:58,72.34,1.549,4.39
MOTOR_C,2026-02-28 08:36:58,65.33,1.336,3.79
COMPRESSOR_D,2026-02-28 08:36:58,72.64,1.964,4.17
PUMP_A,2026-02-28 08:37:00,94.09,4.557,2.55
PUMP_B,2026-02-28 08:37:00,71.18,1.749,4.33
MOTOR_C,2026-02-28 08:37:00,70.55,2.389,4.67
COMPRESSOR_D,2026-02-28 08:37:00,67.47,1.082,4.33
PUMP_A,2026-02-28 08:37:02,86.48,4.535,2.05
PUMP_B,2026-02-28 08:37:02,73.94,1.941,4.18
MOTOR_C,2026-02-28 08:37:02,66.65,1.57,4.02
COMPRESSOR_D,2026-02-28 08:37:02,69.45,1.557,4.77
PUMP_A,2026-02-28 08:37:04,88.61,4.313,2.93
PUMP_B,2026-02-28 08:37:04,64.23,1.945,4.74
MOTOR_C,2026-02-28 08:37:04,64.46,1.572,4.79
COMPRESSOR_D,2026-02-28 08:37:04,72.88,1.953,3.93
PUMP_A,2026-02-28 08:37:06,94.79,3.628,2.41
PUMP_B,2026-02-28 08:37:06,68.94,2.079,4.18
MOTOR_C,2026-02-28 08:37:06,66.79,2.38,3.96
COMPRESSOR_D,2026-02-28 08:37:06,73.71,2.205,4.38
PUMP_A,2026-02-28 08:37:08,92.42,3.344,2.96
PUMP_B,2026-02-28 08:37:08,70.99,2.25,3.95
MOTOR_C,2026-02-28 08:37:08,70.63,2.281,3.94
COMPRESSOR_D,2026-02-28 08:37:08,71.84,1.007,4.38
PUMP_A,2026-02-28 08:37:10,89.71,3.505,2.88
PUMP_B,2026-02-28 08:37:10,71.64,1.8,4.08
MOTOR_C,2026-02-28 08:37:10,65.07,1.903,3.62
COMPRESSOR_D,2026-02-28 08:37:10,65.65,1.866,4.66
PUMP_A,2026-02-28 08:37:11,85.73,3.573,2.58
PUMP_B,2026-02-28 08:37:11,64.57,2.256,4.48
MOTOR_C,2026-02-28 08:37:11,63.42,1.104,3.7
COMPRESSOR_D,2026-02-28 08:37:11,66.7,1.032,4.03
PUMP_A,2026-02-28 08:37:13,90.41,3.75,2.9
PUMP_B,2026-02-28 08:37:13,69.25,1.146,4.42
MOTOR_C,2026-02-28 08:37:13,66.9,1.253,4.37
COMPRESSOR_D,2026-02-28 08:37:13,73.09,2.288,4.45
PUMP_A,2026-02-28 08:37:15,84.48,4.23,2.85
PUMP_B,2026-02-28 08:37:15,73.26,1.209,3.77
MOTOR_C,2026-02-28 08:37:15,64.33,2.011,3.99
COMPRESSOR_D,2026-02-28 08:37:15,66.89,1.298,4.37
PUMP_A,2026-02-28 08:37:17,89.88,3.613,2.25
PUMP_B,2026-02-28 08:37:17,65.93,1.579,4.7
MOTOR_C,2026-02-28 08:37:17,66.71,2.119,4.12
COMPRESSOR_D,2026-02-28 08:37:17,66.87,2.051,3.75
PUMP_A,2026-02-28 08:37:19,93.56,4.09,2.48
PUMP_B,2026-02-28 08:37:19,64.29,2.112,4.42
MOTOR_C,2026-02-28 08:37:19,72.43,2.381,3.92
COMPRESSOR_D,2026-02-28 08:37:19,72.93,1.101,3.75
PUMP_A,2026-02-28 08:37:21,92.08,3.57,2.82
PUMP_B,2026-02-28 08:37:21,65.15,2.003,4.52
MOTOR_C,2026-02-28 08:37:21,67.26,2.326,4.48
COMPRESSOR_D,2026-02-28 08:37:21,67.17,2.119,4.17
PUMP_A,2026-02-28 08:37:23,94.99,3.266,2.48
PUMP_B,2026-02-28 08:37:23,72.08,1.83,4.23
MOTOR_C,2026-02-28 08:37:23,65.02,1.711,3.94
COMPRESSOR_D,2026-02-28 08:37:23,65.77,1.53,4.69
PUMP_A,2026-02-28 08:37:25,84.84,4.204,2.57
PUMP_B,2026-02-28 08:37:25,62.04,1.547,4.08
MOTOR_C,2026-02-28 08:37:25,66.12,1.777,4.32
COMPRESSOR_D,2026-02-28 08:37:25,68.62,2.396,3.91
PUMP_A,2026-02-28 08:37:27,91.99,3.224,2.59
PUMP_B,2026-02-28 08:37:27,68.48,1.571,4.71
MOTOR_C,2026-02-28 08:37:27,66.86,1.651,4.6
COMPRESSOR_D,2026-02-28 08:37:27,62.88,2.178,3.73
PUMP_A,2026-02-28 08:37:29,92.66,4.343,2.01
PUMP_B,2026-02-28 08:37:29,64.67,1.843,4.45
MOTOR_C,2026-02-28 08:37:29,64.27,2.037,4.37
COMPRESSOR_D,2026-02-28 08:37:29,72.53,2.381,4.34
PUMP_A,2026-02-28 08:37:31,91.86,3.885,2.45
PUMP_B,2026-02-28 08:37:31,68.67,1.333,4.53
MOTOR_C,2026-02-28 08:37:31,65.1,1.335,3.65
COMPRESSOR_D,2026-02-28 08:37:31,68.33,1.752,4.76
PUMP_A,2026-02-28 08:37:33,86.96,4.03,2.98
PUMP_B,2026-02-28 08:37:33,66.3,2.068,4.8
MOTOR_C,2026-02-28 08:37:33,66.34,1.357,4.71
COMPRESSOR_D,2026-02-28 08:37:33,65.87,2.33,4.51
PUMP_A,2026-02-28 08:37:35,85.39,3.807,2.65
PUMP_B,2026-02-28 08:37:35,64.38,1.988,4.58
MOTOR_C,2026-02-28 08:37:35,63.12,2.295,3.67
COMPRESSOR_D,2026-02-28 08:37:35,72.15,1.364,3.95
PUMP_A,2026-02-28 08:37:37,83.74,3.219,2.95
PUMP_B,2026-02-28 08:37:37,70.16,1.967,4.11
MOTOR_C,2026-02-28 08:37:37,67.16,1.756,4.02
COMPRESSOR_D,2026-02-28 08:37:37,67.64,1.887,3.63
PUMP_A,2026-02-28 08:37:39,92.4,3.958,2.8
PUMP_B,2026-02-28 08:37:39,67.82,1.859,4.37
MOTOR_C,2026-02-28 08:37:39,71.29,1.215,4.74
COMPRESSOR_D,2026-02-28 08:37:39,70.35,2.115,4.57
PUMP_A,2026-02-28 08:37:41,87.92,3.95,2.51
PUMP_B,2026-02-28 08:37:41,73.48,1.611,4.12
MOTOR_C,2026-02-28 08:37:41,69.56,2.124,4.12
COMPRESSOR_D,2026-02-28 08:37:41,71.97,1.589,3.73
PUMP_A,2026-02-28 08:37:42,82.54,4.783,2.01
PUMP_B,2026-02-28 08:37:42,68.97,1.316,4.03
MOTOR_C,2026-02-28 08:37:42,69.2,1.614,3.6
COMPRESSOR_D,2026-02-28 08:37:42,70.98,1.989,3.97
PUMP_A,2026-02-28 08:37:44,84.38,3.431,2.39
PUMP_B,2026-02-28 08:37:44,67.78,1.997,3.99
MOTOR_C,2026-02-28 08:37:44,68.33,1.69,4.29
COMPRESSOR_D,2026-02-28 08:37:44,67.47,2.206,4.13
PUMP_A,2026-02-28 08:37:46,93.66,4.3,2.55
PUMP_B,2026-02-28 08:37:46,72.75,1.67,4.17
MOTOR_C,2026-02-28 08:37:46,64.37,1.377,3.95
COMPRESSOR_D,2026-02-28 08:37:46,71.1,1.294,4.02
PUMP_A,2026-02-28 08:37:48,85.79,3.255,2.52
PUMP_B,2026-02-28 08:37:48,72.15,1.778,4.41
MOTOR_C,2026-02-28 08:37:48,68.36,1.336,4.34
COMPRESSOR_D,2026-02-28 08:37:48,64.76,2.085,4.18
PUMP_A,2026-02-28 08:37:50,89.71,3.701,2.53
PUMP_B,2026-02-28 08:37:50,68.17,1.816,3.85
MOTOR_C,2026-02-28 08:37:50,72.94,2.143,4.71
COMPRESSOR_D,2026-02-28 08:37:50,63.73,1.823,4.57
PUMP_A,2026-02-28 08:37:52,90.28,3.973,2.87
PUMP_B,2026-02-28 08:37:52,72.93,1.133,4.11
MOTOR_C,2026-02-28 08:37:52,68.72,2.084,4.73
COMPRESSOR_D,2026-02-28 08:37:52,66.26,1.681,3.69
PUMP_A,2026-02-28 08:37:54,82.77,3.914,2.36
PUMP_B,2026-02-28 08:37:54,71.81,1.261,4.79
MOTOR_C,2026-02-28 08:37:54,66.18,1.785,4.69
COMPRESSOR_D,2026-02-28 08:37:54,69.73,1.47,4.6
PUMP_A,2026-02-28 08:37:56,89.27,3.518,2.82
PUMP_B,2026-02-28 08:37:56,68.91,1.939,4.21
MOTOR_C,2026-02-28 08:37:56,69.64,2.373,4.23
COMPRESSOR_D,2026-02-28 08:37:56,64.44,1.655,4.43
PUMP_A,2026-02-28 08:37:58,87.04,3.666,2.5
PUMP_B,2026-02-28 08:37:58,63.33,1.045,4.21
MOTOR_C,2026-02-28 08:37:58,67.33,2.336,3.85
COMPRESSOR_D,2026-02-28 08:37:58,66.35,1.889,4.12
PUMP_A,2026-02-28 08:38:00,82.94,4.552,2.99
PUMP_B,2026-02-28 08:38:00,62.94,1.547,4.13
MOTOR_C,2026-02-28 08:38:00,64.11,1.674,4.48
COMPRESSOR_D,2026-02-28 08:38:00,64.56,1.016,4.41
PUMP_A,2026-02-28 08:38:02,88.96,4.207,2.32
PUMP_B,2026-02-28 08:38:02,70.02,1.062,4.45
MOTOR_C,2026-02-28 08:38:02,68.08,2.008,4.55
COMPRESSOR_D,2026-02-28 08:38:02,62.69,2.264,3.61
PUMP_A,2026-02-28 08:38:04,82.39,4.303,2.71
PUMP_B,2026-02-28 08:38:04,69.17,1.722,4.06
MOTOR_C,2026-02-28 08:38:04,73.7,1.711,3.74
COMPRESSOR_D,2026-02-28 08:38:04,65.48,1.306,4.48
PUMP_A,2026-02-28 08:38:06,93.79,4.477,2.99
PUMP_B,2026-02-28 08:38:06,72.5,1.063,4.29
MOTOR_C,2026-02-28 08:38:06,63.85,1.246,3.66
COMPRESSOR_D,2026-02-28 08:38:06,70.66,1.685,4.46
PUMP_A,2026-02-28 08:38:08,85.71,4.27,2.29
PUMP_B,2026-02-28 08:38:08,71.67,1.284,4.39
MOTOR_C,2026-02-28 08:38:08,66.43,1.658,3.65
COMPRESSOR_D,2026-02-28 08:38:08,72.31,1.565,3.78
PUMP_A,2026-02-28 08:38:10,83.05,3.774,2.72
PUMP_B,2026-02-28 08:38:10,63.16,1.141,4.04
MOTOR_C,2026-02-28 08:38:10,73.61,1.21,4.3
COMPRESSOR_D,2026-02-28 08:38:10,64.26,1.702,4.31
PUMP_A,2026-02-28 08:38:12,85.29,3.472,2.71
PUMP_B,2026-02-28 08:38:12,63.82,1.644,4.74
MOTOR_C,2026-02-28 08:38:12,68.82,2.122,4.04
COMPRESSOR_D,2026-02-28 08:38:12,73.5,2.379,4.35
PUMP_A,2026-02-28 08:38:13,84.66,3.582,2.44
PUMP_B,2026-02-28 08:38:13,73.15,2.002,4.17
MOTOR_C,2026-02-28 08:38:13,66.7,1.746,3.79
COMPRESSOR_D,2026-02-28 08:38:13,62.95,1.417,4.33
PUMP_A,2026-02-28 08:38:15,87.24,4.143,2.52
PUMP_B,2026-02-28 08:38:15,68.64,1.412,4.79
MOTOR_C,2026-02-28 08:38:15,73.49,1.549,4.2
COMPRESSOR_D,2026-02-28 08:38:15,63.08,2.388,4.12
PUMP_A,2026-02-28 08:38:17,93.28,4.095,2.88
PUMP_B,2026-02-28 08:38:17,64.41,2.29,4.47
MOTOR_C,2026-02-28 08:38:17,70.1,1.694,4.6
COMPRESSOR_D,2026-02-28 08:38:17,68.32,1.862,4.73
PUMP_A,2026-02-28 08:38:19,88.13,3.203,2.6
PUMP_B,2026-02-28 08:38:19,66.12,1.923,4.06
MOTOR_C,2026-02-28 08:38:19,69.41,1.987,4.24
COMPRESSOR_D,2026-02-28 08:38:19,70.48,1.802,4.1
PUMP_A,2026-02-28 08:38:21,89.67,3.351,2.68
PUMP_B,2026-02-28 08:38:21,67.72,1.4,3.64
MOTOR_C,2026-02-28 08:38:21,65.68,1.678,3.7
COMPRESSOR_D,2026-02-28 08:38:21,67.4,1.976,4.25
PUMP_A,2026-02-28 08:38:23,93.6,4.443,2.89
PUMP_B,2026-02-28 08:38:23,71.53,1.397,4.62
MOTOR_C,2026-02-28 08:38:23,66.41,2.197,4.25
COMPRESSOR_D,2026-02-28 08:38:23,67.07,1.34,4.05
PUMP_A,2026-02-28 08:38:25,92.97,4.411,2.33
PUMP_B,2026-02-28 08:38:25,62.95,2.296,4.35
MOTOR_C,2026-02-28 08:38:25,65.3,2.379,4.18
COMPRESSOR_D,2026-02-28 08:38:25,70.35,1.51,4.16
PUMP_A,2026-02-28 08:38:27,87.64,3.47,2.15
PUMP_B,2026-02-28 08:38:27,67.54,1.614,4.16
MOTOR_C,2026-02-28 08:38:27,65.51,1.823,4.78
COMPRESSOR_D,2026-02-28 08:38:27,73.7,2.007,4.0
PUMP_A,2026-02-28 08:38:29,86.02,4.096,2.3
PUMP_B,2026-02-28 08:38:29,70.26,2.297,4.26
MOTOR_C,2026-02-28 08:38:29,67.1,1.478,4.66
COMPRESSOR_D,2026-02-28 08:38:29,70.61,1.109,4.18
PUMP_A,2026-02-28 08:38:31,87.74,3.922,2.8
PUMP_B,2026-02-28 08:38:31,69.88,1.111,3.74
MOTOR_C,2026-02-28 08:38:31,71.72,1.091,4.32
COMPRESSOR_D,2026-02-28 08:38:31,71.27,1.667,4.49
PUMP_A,2026-02-28 08:38:33,94.22,4.141,2.71
PUMP_B,2026-02-28 08:38:33,65.14,1.464,4.68
MOTOR_C,2026-02-28 08:38:33,64.05,1.069,4.07
COMPRESSOR_D,2026-02-28 08:38:33,69.12,2.264,4.74
PUMP_A,2026-02-28 08:38:35,91.75,3.638,2.34
PUMP_B,2026-02-28 08:38:35,64.23,1.138,3.78
MOTOR_C,2026-02-28 08:38:35,65.61,1.862,4.59
COMPRESSOR_D,2026-02-28 08:38:35,72.76,1.881,4.17
PUMP_A,2026-02-28 08:38:37,84.4,3.743,2.59
PUMP_B,2026-02-28 08:38:37,68.37,1.323,3.8
MOTOR_C,2026-02-28 08:38:37,68.77,1.865,3.82
COMPRESSOR_D,2026-02-28 08:38:37,65.6,2.358,3.82
